ThreadID,WindowStartTime(s),TransitionRate
1373,016.5442305,68525
1373,116.5442305,66543
1373,216.5442305,68913
1373,316.5442305,64598
1373,416.5442305,66568
1373,516.5442305,69557
1373,616.5442305,66468
1373,716.5442305,65990
1373,816.5442305,72093
1373,916.5442305,67600
1373,1016.5442305,72686
1373,1116.5442305,69156
1373,1216.5442305,58415
1373,1316.5442305,73377
1373,1416.5442305,91939
1373,1516.5442305,530124
1373,1616.5442305,1385604
1373,1716.5442305,63649
1373,1816.5442305,63999
1263,025.1825178,92720
1263,125.1825178,84620
1263,225.1825178,90738
1263,325.1825178,86541
1263,425.1825178,86828
1263,525.1825178,84491
1263,625.1825178,86643
1263,725.1825178,90194
1263,825.1825178,88105
1263,925.1825178,83955
1263,1025.1825178,87128
1263,1125.1825178,84698
1263,1225.1825178,84430
1263,1325.1825178,64516
1263,1425.1825178,160066
1263,1525.1825178,763171
1263,1625.1825178,1294596
1263,1725.1825178,80616
1263,1825.1825178,72821
2530,015.1831853,63555
2530,115.1831853,69347
2530,215.1831853,67111
2530,315.1831853,63234
2530,415.1831853,63346
2530,515.1831853,62151
2530,615.1831853,64624
2530,715.1831853,64408
2530,815.1831853,69041
2530,915.1831853,62940
2530,1015.1831853,61869
2530,1115.1831853,65051
2530,1215.1831853,63610
2530,1315.1831853,87265
2530,1415.1831853,177563
2530,1515.1831853,568444
2530,1615.1831853,1698740
2530,1715.1831853,58009
2530,1815.1831853,58149
1401,037.585704,83082
1401,137.585704,83454
1401,237.585704,81408
1401,337.585704,79974
1401,437.585704,80196
1401,537.585704,81552
1401,637.585704,76195
1401,737.585704,80334
1401,837.585704,75538
1401,937.585704,83602
1401,1037.585704,80314
1401,1137.585704,82749
1401,1237.585704,82126
1401,1337.585704,111446
1401,1437.585704,125579
1401,1537.585704,1014675
1401,1637.585704,1010668
1401,1737.585704,79760
1255,037.584956,85445
1255,137.584956,85758
1255,237.584956,78454
1255,337.584956,78696
1255,437.584956,83070
1255,537.584956,81983
1255,637.584956,82249
1255,737.584956,79047
1255,837.584956,83712
1255,937.584956,79880
1255,1037.584956,84689
1255,1137.584956,78819
1255,1237.584956,82807
1255,1337.584956,123426
1255,1437.584956,121218
1255,1537.584956,990117
1255,1637.584956,1127411
1255,1737.584956,79872
1350,014.2247827,63232
1350,114.2247827,66758
1350,214.2247827,66380
1350,314.2247827,63763
1350,414.2247827,64357
1350,514.2247827,62241
1350,614.2247827,63428
1350,714.2247827,63663
1350,814.2247827,68326
1350,914.2247827,64119
1350,1014.2247827,61847
1350,1114.2247827,65295
1350,1214.2247827,58831
1350,1314.2247827,84472
1350,1414.2247827,153712
1350,1514.2247827,547250
1350,1614.2247827,1717062
1350,1714.2247827,58678
1350,1814.2247827,55892
1331,017.0084634,71350
1331,117.0084634,65871
1331,217.0084634,68661
1331,317.0084634,61687
1331,417.0084634,67155
1331,517.0084634,68374
1331,617.0084634,67209
1331,717.0084634,55317
1331,817.0084634,72129
1331,917.0084634,68428
1331,1017.0084634,69787
1331,1117.0084634,68040
1331,1217.0084634,65209
1331,1317.0084634,63385
1331,1417.0084634,102494
1331,1517.0084634,543468
1331,1617.0084634,1354504
1331,1717.0084634,66179
1331,1817.0084634,62570
1398,037.5856884,83435
1398,137.5856884,85648
1398,237.5856884,84879
1398,337.5856884,74608
1398,437.5856884,82683
1398,537.5856884,77657
1398,637.5856884,83140
1398,737.5856884,85032
1398,837.5856884,81466
1398,937.5856884,81570
1398,1037.5856884,82627
1398,1137.5856884,84558
1398,1237.5856884,80636
1398,1337.5856884,81302
1398,1437.5856884,138782
1398,1537.5856884,970739
1398,1637.5856884,1036049
1398,1737.5856884,70541
1370,015.522776,67851
1370,115.522776,65165
1370,215.522776,67480
1370,315.522776,67624
1370,415.522776,68457
1370,515.522776,66626
1370,615.522776,65675
1370,715.522776,65012
1370,815.522776,66321
1370,915.522776,63522
1370,1015.522776,62355
1370,1115.522776,67787
1370,1215.522776,66854
1370,1315.522776,66112
1370,1415.522776,114613
1370,1515.522776,505627
1370,1615.522776,1393532
1370,1715.522776,62020
1370,1815.522776,59907
1402,019.5576148,78734
1402,119.5576148,79484
1402,219.5576148,80193
1402,319.5576148,69144
1402,419.5576148,81583
1402,519.5576148,81541
1402,619.5576148,79960
1402,719.5576148,81055
1402,819.5576148,75647
1402,919.5576148,79249
1402,1019.5576148,83704
1402,1119.5576148,83670
1402,1219.5576148,78648
1402,1319.5576148,101006
1402,1419.5576148,123564
1402,1519.5576148,645120
1402,1619.5576148,1416321
1402,1719.5576148,71477
2628,017.6822543,67507
2628,117.6822543,68515
2628,217.6822543,66231
2628,317.6822543,62391
2628,417.6822543,62951
2628,517.6822543,62366
2628,617.6822543,64583
2628,717.6822543,64521
2628,817.6822543,68311
2628,917.6822543,61703
2628,1017.6822543,63316
2628,1117.6822543,64253
2628,1217.6822543,58275
2628,1317.6822543,90200
2628,1417.6822543,174583
2628,1517.6822543,621957
2628,1617.6822543,1577552
2628,1717.6822543,59200
2628,1817.6822543,57652
19916,018.6323824,65193
19916,118.6323824,67031
19916,218.6323824,67165
19916,318.6323824,63742
19916,418.6323824,65075
19916,518.6323824,62418
19916,618.6323824,64556
19916,718.6323824,65756
19916,818.6323824,68852
19916,918.6323824,64330
19916,1018.6323824,63936
19916,1118.6323824,67399
19916,1218.6323824,60048
19916,1318.6323824,89933
19916,1418.6323824,173292
19916,1518.6323824,645429
19916,1618.6323824,1609969
19916,1718.6323824,56215
19916,1818.6323824,57617
1230,019.5029979,85624
1230,119.5029979,80930
1230,219.5029979,86219
1230,319.5029979,85096
1230,419.5029979,84814
1230,519.5029979,79687
1230,619.5029979,84270
1230,719.5029979,81661
1230,819.5029979,83791
1230,919.5029979,78360
1230,1019.5029979,83236
1230,1119.5029979,85384
1230,1219.5029979,76139
1230,1319.5029979,88750
1230,1419.5029979,133327
1230,1519.5029979,677010
1230,1619.5029979,1515182
1230,1719.5029979,83228
1230,1819.5029979,77223
1338,015.5167055,72699
1338,115.5167055,74293
1338,215.5167055,73941
1338,315.5167055,70655
1338,415.5167055,73009
1338,515.5167055,71416
1338,615.5167055,69223
1338,715.5167055,69711
1338,815.5167055,72135
1338,915.5167055,69416
1338,1015.5167055,69794
1338,1115.5167055,70864
1338,1215.5167055,73609
1338,1315.5167055,92792
1338,1415.5167055,126775
1338,1515.5167055,509993
1338,1615.5167055,1421292
1338,1715.5167055,65827
1338,1815.5167055,64527
1267,015.6284974,68205
1267,115.6284974,66761
1267,215.6284974,65865
1267,315.6284974,64337
1267,415.6284974,65074
1267,515.6284974,61775
1267,615.6284974,64155
1267,715.6284974,62730
1267,815.6284974,68216
1267,915.6284974,62843
1267,1015.6284974,62516
1267,1115.6284974,63734
1267,1215.6284974,59392
1267,1315.6284974,90666
1267,1415.6284974,175813
1267,1515.6284974,578396
1267,1615.6284974,1640694
1267,1715.6284974,58112
1267,1815.6284974,58475
8679,015.5223012,63662
8679,115.5223012,65843
8679,215.5223012,65107
8679,315.5223012,63845
8679,415.5223012,64072
8679,515.5223012,65279
8679,615.5223012,63357
8679,715.5223012,66077
8679,815.5223012,67035
8679,915.5223012,65952
8679,1015.5223012,62153
8679,1115.5223012,67857
8679,1215.5223012,59790
8679,1315.5223012,89315
8679,1415.5223012,166155
8679,1515.5223012,570913
8679,1615.5223012,1626683
8679,1715.5223012,57784
8679,1815.5223012,58550
20665,017.6317577,65443
20665,117.6317577,69393
20665,217.6317577,66662
20665,317.6317577,64284
20665,417.6317577,63866
20665,517.6317577,63990
20665,617.6317577,64976
20665,717.6317577,64845
20665,817.6317577,68245
20665,917.6317577,62121
20665,1017.6317577,65977
20665,1117.6317577,65193
20665,1217.6317577,59586
20665,1317.6317577,92775
20665,1417.6317577,162676
20665,1517.6317577,622367
20665,1617.6317577,1595439
20665,1717.6317577,56523
20665,1817.6317577,57387
1196,014.2964985,61144
1196,114.2964985,64999
1196,214.2964985,62007
1196,314.2964985,60711
1196,414.2964985,61313
1196,514.2964985,60129
1196,614.2964985,61478
1196,714.2964985,61962
1196,814.2964985,65480
1196,914.2964985,62423
1196,1014.2964985,61778
1196,1114.2964985,62633
1196,1214.2964985,55065
1196,1314.2964985,86397
1196,1414.2964985,192020
1196,1514.2964985,556536
1196,1614.2964985,1761009
1196,1714.2964985,56962
1196,1814.2964985,53452
1351,014.3092508,63132
1351,114.3092508,66871
1351,214.3092508,66300
1351,314.3092508,64108
1351,414.3092508,64602
1351,514.3092508,62379
1351,614.3092508,62838
1351,714.3092508,63492
1351,814.3092508,68113
1351,914.3092508,63776
1351,1014.3092508,63099
1351,1114.3092508,64973
1351,1214.3092508,59733
1351,1314.3092508,83969
1351,1414.3092508,135209
1351,1514.3092508,545633
1351,1614.3092508,1666311
1351,1714.3092508,58874
1351,1814.3092508,55457
1355,017.422001,59805
1355,117.422001,69071
1355,217.422001,67441
1355,317.422001,63908
1355,417.422001,67412
1355,517.422001,68719
1355,617.422001,63591
1355,717.422001,64304
1355,817.422001,63182
1355,917.422001,64284
1355,1017.422001,66672
1355,1117.422001,63905
1355,1217.422001,62265
1355,1317.422001,84687
1355,1417.422001,82356
1355,1517.422001,548941
1355,1617.422001,1287995
1355,1717.422001,59873
1355,1817.422001,57202
1275,017.681929,72069
1275,117.681929,68315
1275,217.681929,74299
1275,317.681929,70882
1275,417.681929,70499
1275,517.681929,69938
1275,617.681929,71971
1275,717.681929,77035
1275,817.681929,77773
1275,917.681929,74453
1275,1017.681929,73032
1275,1117.681929,67012
1275,1217.681929,68419
1275,1317.681929,95460
1275,1417.681929,133335
1275,1517.681929,581502
1275,1617.681929,1500902
1275,1717.681929,63187
1275,1817.681929,63941
1414,019.5566933,82767
1414,119.5566933,74738
1414,219.5566933,75940
1414,319.5566933,80027
1414,419.5566933,78352
1414,519.5566933,79577
1414,619.5566933,76331
1414,719.5566933,80817
1414,819.5566933,81829
1414,919.5566933,82471
1414,1019.5566933,83674
1414,1119.5566933,86309
1414,1219.5566933,78713
1414,1319.5566933,69052
1414,1419.5566933,156775
1414,1519.5566933,675237
1414,1619.5566933,1452321
1414,1719.5566933,71382
1414,1819.5566933,77788
1394,037.5859222,82683
1394,137.5859222,76737
1394,237.5859222,80402
1394,337.5859222,71248
1394,437.5859222,81530
1394,537.5859222,83789
1394,637.5859222,78625
1394,737.5859222,76773
1394,837.5859222,79424
1394,937.5859222,86510
1394,1037.5859222,83232
1394,1137.5859222,81194
1394,1237.5859222,81482
1394,1337.5859222,91068
1394,1437.5859222,114831
1394,1537.5859222,1054257
1394,1637.5859222,1139146
1394,1737.5859222,76108
1197,014.2244802,62497
1197,114.2244802,66438
1197,214.2244802,65331
1197,314.2244802,63124
1197,414.2244802,63389
1197,514.2244802,61748
1197,614.2244802,62431
1197,714.2244802,62497
1197,814.2244802,67402
1197,914.2244802,62918
1197,1014.2244802,61739
1197,1114.2244802,64391
1197,1214.2244802,58244
1197,1314.2244802,86273
1197,1414.2244802,177434
1197,1514.2244802,546926
1197,1614.2244802,1720685
1197,1714.2244802,57961
1197,1814.2244802,54540
2230,016.6289814,62856
2230,116.6289814,68039
2230,216.6289814,65775
2230,316.6289814,64180
2230,416.6289814,65298
2230,516.6289814,64507
2230,616.6289814,65817
2230,716.6289814,63734
2230,816.6289814,68698
2230,916.6289814,64374
2230,1016.6289814,64538
2230,1116.6289814,65408
2230,1216.6289814,60726
2230,1316.6289814,92764
2230,1416.6289814,172479
2230,1516.6289814,572008
2230,1616.6289814,1667470
2230,1716.6289814,58254
2230,1816.6289814,58072
2231,018.5170546,63306
2231,118.5170546,67225
2231,218.5170546,68656
2231,318.5170546,65001
2231,418.5170546,62906
2231,518.5170546,62702
2231,618.5170546,65471
2231,718.5170546,64310
2231,818.5170546,65995
2231,918.5170546,63262
2231,1018.5170546,61640
2231,1118.5170546,65360
2231,1218.5170546,60340
2231,1318.5170546,91668
2231,1418.5170546,173422
2231,1518.5170546,644022
2231,1618.5170546,1575218
2231,1718.5170546,58087
2231,1818.5170546,58429
1357,018.3950226,71625
1357,118.3950226,74106
1357,218.3950226,70250
1357,318.3950226,70675
1357,418.3950226,70396
1357,518.3950226,70355
1357,618.3950226,75647
1357,718.3950226,73615
1357,818.3950226,72330
1357,918.3950226,76568
1357,1018.3950226,71330
1357,1118.3950226,68255
1357,1218.3950226,70949
1357,1318.3950226,97468
1357,1418.3950226,145510
1357,1518.3950226,622534
1357,1618.3950226,1460677
1357,1718.3950226,62914
1357,1818.3950226,62247
1337,014.5492325,73725
1337,114.5492325,75107
1337,214.5492325,73769
1337,314.5492325,69184
1337,414.5492325,71064
1337,514.5492325,74066
1337,614.5492325,71925
1337,714.5492325,74945
1337,814.5492325,72654
1337,914.5492325,72297
1337,1014.5492325,69209
1337,1114.5492325,71537
1337,1214.5492325,74372
1337,1314.5492325,86630
1337,1414.5492325,143719
1337,1514.5492325,511124
1337,1614.5492325,1433646
1337,1714.5492325,65350
1337,1814.5492325,67540
2493,015.5176208,62745
2493,115.5176208,67588
2493,215.5176208,64870
2493,315.5176208,63634
2493,415.5176208,68118
2493,515.5176208,63402
2493,615.5176208,63532
2493,715.5176208,63379
2493,815.5176208,69715
2493,915.5176208,64470
2493,1015.5176208,62574
2493,1115.5176208,67443
2493,1215.5176208,60096
2493,1315.5176208,88033
2493,1415.5176208,180695
2493,1515.5176208,575657
2493,1615.5176208,1670881
2493,1715.5176208,60675
2493,1815.5176208,56139
1276,018.3905532,77237
1276,118.3905532,72376
1276,218.3905532,72353
1276,318.3905532,71164
1276,418.3905532,65441
1276,518.3905532,66552
1276,618.3905532,72798
1276,718.3905532,71364
1276,818.3905532,74507
1276,918.3905532,66906
1276,1018.3905532,69717
1276,1118.3905532,71001
1276,1218.3905532,73029
1276,1318.3905532,84717
1276,1418.3905532,138206
1276,1518.3905532,594966
1276,1618.3905532,1449913
1276,1718.3905532,62701
1276,1818.3905532,68869
1231,019.5558352,83131
1231,119.5558352,78448
1231,219.5558352,78075
1231,319.5558352,71490
1231,419.5558352,80560
1231,519.5558352,76247
1231,619.5558352,71961
1231,719.5558352,75705
1231,819.5558352,78875
1231,919.5558352,81446
1231,1019.5558352,81218
1231,1119.5558352,83098
1231,1219.5558352,77306
1231,1319.5558352,94821
1231,1419.5558352,159089
1231,1519.5558352,648713
1231,1619.5558352,1528273
1231,1719.5558352,83231
1231,1819.5558352,78203
2379,018.519775,64082
2379,118.519775,65877
2379,218.519775,65421
2379,318.519775,62973
2379,418.519775,63928
2379,518.519775,63288
2379,618.519775,65991
2379,718.519775,65542
2379,818.519775,67994
2379,918.519775,62393
2379,1018.519775,63890
2379,1118.519775,64375
2379,1218.519775,62164
2379,1318.519775,91726
2379,1418.519775,173432
2379,1518.519775,642362
2379,1618.519775,1603972
2379,1718.519775,55967
2379,1818.519775,60449
1358,016.946699,69070
1358,116.946699,61756
1358,216.946699,68174
1358,316.946699,66055
1358,416.946699,64860
1358,516.946699,66314
1358,616.946699,67893
1358,716.946699,66627
1358,816.946699,71327
1358,916.946699,69112
1358,1016.946699,63611
1358,1116.946699,64954
1358,1216.946699,63674
1358,1316.946699,66906
1358,1416.946699,111993
1358,1516.946699,525420
1358,1616.946699,1259770
1358,1716.946699,59732
1358,1816.946699,62114
1369,017.0087302,70765
1369,117.0087302,70819
1369,217.0087302,68131
1369,317.0087302,65935
1369,417.0087302,67915
1369,517.0087302,64355
1369,617.0087302,68925
1369,717.0087302,62951
1369,817.0087302,69901
1369,917.0087302,69971
1369,1017.0087302,71350
1369,1117.0087302,67220
1369,1217.0087302,66649
1369,1317.0087302,73168
1369,1417.0087302,80574
1369,1517.0087302,568311
1369,1617.0087302,1358800
1369,1717.0087302,63394
1369,1817.0087302,63227
1371,016.1461647,65019
1371,116.1461647,66991
1371,216.1461647,69353
1371,316.1461647,67423
1371,416.1461647,67967
1371,516.1461647,69149
1371,616.1461647,67439
1371,716.1461647,67846
1371,816.1461647,69975
1371,916.1461647,64168
1371,1016.1461647,66601
1371,1116.1461647,64395
1371,1216.1461647,68649
1371,1316.1461647,77326
1371,1416.1461647,101021
1371,1516.1461647,542212
1371,1616.1461647,1356059
1371,1716.1461647,64588
1371,1816.1461647,61003
1603,037.5854483,81230
1603,137.5854483,81372
1603,237.5854483,78287
1603,337.5854483,81049
1603,437.5854483,77312
1603,537.5854483,81046
1603,637.5854483,80651
1603,737.5854483,75717
1603,837.5854483,77254
1603,937.5854483,76075
1603,1037.5854483,79193
1603,1137.5854483,80734
1603,1237.5854483,80365
1603,1337.5854483,96796
1603,1437.5854483,115928
1603,1537.5854483,1015515
1603,1637.5854483,1070503
1603,1737.5854483,77244
1333,016.5434809,67468
1333,116.5434809,63689
1333,216.5434809,68369
1333,316.5434809,65892
1333,416.5434809,68621
1333,516.5434809,65982
1333,616.5434809,63788
1333,716.5434809,62706
1333,816.5434809,67982
1333,916.5434809,64419
1333,1016.5434809,61917
1333,1116.5434809,65230
1333,1216.5434809,59793
1333,1316.5434809,67699
1333,1416.5434809,82945
1333,1516.5434809,544775
1333,1616.5434809,1357680
1333,1716.5434809,56004
1333,1816.5434809,60974
1340,015.5163498,75518
1340,115.5163498,73281
1340,215.5163498,73821
1340,315.5163498,70321
1340,415.5163498,73406
1340,515.5163498,73532
1340,615.5163498,69336
1340,715.5163498,75171
1340,815.5163498,75536
1340,915.5163498,73154
1340,1015.5163498,71574
1340,1115.5163498,71025
1340,1215.5163498,71787
1340,1315.5163498,89139
1340,1415.5163498,150612
1340,1515.5163498,518343
1340,1615.5163498,1400701
1340,1715.5163498,66290
1340,1815.5163498,64802
2324,037.5856967,82144
2324,137.5856967,85039
2324,237.5856967,76922
2324,337.5856967,82190
2324,437.5856967,81150
2324,537.5856967,81245
2324,637.5856967,80398
2324,737.5856967,77430
2324,837.5856967,85214
2324,937.5856967,83595
2324,1037.5856967,79509
2324,1137.5856967,80451
2324,1237.5856967,77217
2324,1337.5856967,130875
2324,1437.5856967,141763
2324,1537.5856967,1051209
2324,1637.5856967,1134288
2324,1737.5856967,73882
1290,224.5060825,60837
1290,324.5060825,59220
1290,424.5060825,59458
1290,524.5060825,58462
1290,624.5060825,60536
1290,724.5060825,62763
1290,824.5060825,61764
1290,924.5060825,61666
1290,1024.5060825,59894
1290,1124.5060825,59484
1290,1224.5060825,55670
1290,1324.5060825,99379
1353,019.558821,73035
1353,119.558821,66539
1353,219.558821,71397
1353,319.558821,66327
1353,419.558821,65191
1353,519.558821,70876
1353,619.558821,68638
1353,719.558821,69421
1353,819.558821,65985
1353,919.558821,66697
1353,1019.558821,64188
1353,1119.558821,61775
1353,1219.558821,62154
1353,1319.558821,76428
1353,1419.558821,84265
1353,1519.558821,609462
1353,1619.558821,1279418
1353,1719.558821,56205
1353,1819.558821,59494
1400,037.5854547,84115
1400,137.5854547,80837
1400,237.5854547,83123
1400,337.5854547,77731
1400,437.5854547,82443
1400,537.5854547,82086
1400,637.5854547,80661
1400,737.5854547,77801
1400,837.5854547,78394
1400,937.5854547,86909
1400,1037.5854547,81939
1400,1137.5854547,82367
1400,1237.5854547,79693
1400,1337.5854547,77496
1400,1437.5854547,142385
1400,1537.5854547,1046280
1400,1637.5854547,1069948
1400,1737.5854547,76368
1403,037.5854611,88101
1403,137.5854611,83162
1403,237.5854611,77664
1403,337.5854611,71049
1403,437.5854611,80679
1403,537.5854611,78057
1403,637.5854611,74871
1403,737.5854611,75308
1403,837.5854611,84018
1403,937.5854611,80849
1403,1037.5854611,80180
1403,1137.5854611,81339
1403,1237.5854611,81992
1403,1337.5854611,86626
1403,1437.5854611,121663
1403,1537.5854611,1009063
1403,1637.5854611,1144885
1403,1737.5854611,77812
1342,016.4806855,69756
1342,116.4806855,64754
1342,216.4806855,66436
1342,316.4806855,62100
1342,416.4806855,68497
1342,516.4806855,67165
1342,616.4806855,68956
1342,716.4806855,64300
1342,816.4806855,69516
1342,916.4806855,64884
1342,1016.4806855,68968
1342,1116.4806855,66436
1342,1216.4806855,63663
1342,1316.4806855,71598
1342,1416.4806855,113163
1342,1516.4806855,528659
1342,1616.4806855,1347409
1342,1716.4806855,60022
1342,1816.4806855,59857
1346,019.765062,71283
1346,119.765062,66161
1346,219.765062,65339
1346,319.765062,62922
1346,419.765062,67503
1346,519.765062,67597
1346,619.765062,67506
1346,719.765062,62284
1346,819.765062,64003
1346,919.765062,62554
1346,1019.765062,68255
1346,1119.765062,67768
1346,1219.765062,66066
1346,1319.765062,70146
1346,1419.765062,94085
1346,1519.765062,601779
1346,1619.765062,1333868
1346,1719.765062,60609
1346,1819.765062,55139
1332,015.1825147,75239
1332,115.1825147,71777
1332,215.1825147,72268
1332,315.1825147,69688
1332,415.1825147,74742
1332,515.1825147,69062
1332,615.1825147,71181
1332,715.1825147,72414
1332,815.1825147,75666
1332,915.1825147,70384
1332,1015.1825147,74974
1332,1115.1825147,72505
1332,1215.1825147,71099
1332,1315.1825147,98186
1332,1415.1825147,161511
1332,1515.1825147,530792
1332,1615.1825147,1417944
1332,1715.1825147,68780
1332,1815.1825147,64603
1259,014.5472412,78972
1259,114.5472412,86846
1259,214.5472412,84803
1259,314.5472412,83661
1259,414.5472412,87916
1259,514.5472412,84494
1259,614.5472412,86330
1259,714.5472412,87309
1259,814.5472412,88976
1259,914.5472412,84030
1259,1014.5472412,88417
1259,1114.5472412,88384
1259,1214.5472412,85955
1259,1314.5472412,110550
1259,1414.5472412,156028
1259,1514.5472412,577148
1259,1614.5472412,1673243
1259,1714.5472412,84385
1259,1814.5472412,78723
2376,015.6285744,63137
2376,115.6285744,65648
2376,215.6285744,65058
2376,315.6285744,64386
2376,415.6285744,63498
2376,515.6285744,61780
2376,615.6285744,63322
2376,715.6285744,63538
2376,815.6285744,66979
2376,915.6285744,63984
2376,1015.6285744,65267
2376,1115.6285744,67799
2376,1215.6285744,61199
2376,1315.6285744,89473
2376,1415.6285744,177936
2376,1515.6285744,573207
2376,1615.6285744,1691321
2376,1715.6285744,58192
2376,1815.6285744,56301
1390,086.9542685,59225
1390,186.9542685,63248
1390,286.9542685,58175
1390,386.9542685,60929
1390,486.9542685,63678
1390,586.9542685,60836
1390,686.9542685,62248
1390,786.9542685,61893
1390,886.9542685,55954
1390,986.9542685,62258
1390,1086.9542685,59199
1390,1186.9542685,57385
1390,1286.9542685,65690
1390,1386.9542685,70781
1390,1486.9542685,79680
1390,1586.9542685,1453575
1390,1686.9542685,279229
1390,1786.9542685,60483
1395,037.585448,86638
1395,137.585448,82022
1395,237.585448,80796
1395,337.585448,73279
1395,437.585448,85275
1395,537.585448,78591
1395,637.585448,72385
1395,737.585448,78641
1395,837.585448,81198
1395,937.585448,81607
1395,1037.585448,83969
1395,1137.585448,83337
1395,1237.585448,81233
1395,1337.585448,95209
1395,1437.585448,127788
1395,1537.585448,1055674
1395,1637.585448,1069921
1395,1737.585448,79923
1345,016.1459937,69730
1345,116.1459937,62510
1345,216.1459937,63908
1345,316.1459937,65092
1345,416.1459937,67683
1345,516.1459937,65325
1345,616.1459937,66644
1345,716.1459937,63201
1345,816.1459937,74803
1345,916.1459937,67661
1345,1016.1459937,60588
1345,1116.1459937,65469
1345,1216.1459937,66784
1345,1316.1459937,80523
1345,1416.1459937,90978
1345,1516.1459937,535920
1345,1616.1459937,1382216
1345,1716.1459937,62280
1345,1816.1459937,62174
1256,037.585136,82617
1256,137.585136,81049
1256,237.585136,86752
1256,337.585136,82029
1256,437.585136,83657
1256,537.585136,83289
1256,637.585136,84674
1256,737.585136,79346
1256,837.585136,81313
1256,937.585136,82952
1256,1037.585136,80248
1256,1137.585136,82264
1256,1237.585136,82716
1256,1337.585136,127629
1256,1437.585136,133204
1256,1537.585136,1055190
1256,1637.585136,1129373
1256,1737.585136,69443
1420,037.5856802,83620
1420,137.5856802,80096
1420,237.5856802,82049
1420,337.5856802,80043
1420,437.5856802,79273
1420,537.5856802,78405
1420,637.5856802,78699
1420,737.5856802,78007
1420,837.5856802,78838
1420,937.5856802,82342
1420,1037.5856802,83988
1420,1137.5856802,83221
1420,1237.5856802,78436
1420,1337.5856802,109878
1420,1437.5856802,137618
1420,1537.5856802,1044736
1420,1637.5856802,1094285
1420,1737.5856802,75100
2374,016.6289566,63766
2374,116.6289566,67535
2374,216.6289566,66127
2374,316.6289566,62669
2374,416.6289566,62856
2374,516.6289566,64797
2374,616.6289566,67107
2374,716.6289566,62610
2374,816.6289566,67747
2374,916.6289566,62357
2374,1016.6289566,62998
2374,1116.6289566,64724
2374,1216.6289566,61667
2374,1316.6289566,92968
2374,1416.6289566,176615
2374,1516.6289566,573642
2374,1616.6289566,1652108
2374,1716.6289566,58924
2374,1816.6289566,55617
1318,014.625543,63503
1318,114.625543,66115
1318,214.625543,65747
1318,314.625543,64425
1318,414.625543,64293
1318,514.625543,61729
1318,614.625543,63399
1318,714.625543,64096
1318,814.625543,68107
1318,914.625543,63479
1318,1014.625543,62471
1318,1114.625543,64579
1318,1214.625543,59804
1318,1314.625543,82962
1318,1414.625543,113001
1318,1514.625543,555989
1318,1614.625543,1711850
1318,1714.625543,58406
1318,1814.625543,55012
20925,551.9187071,64661
20925,651.9187071,62754
20925,751.9187071,63194
20925,851.9187071,66700
20925,951.9187071,63296
20925,1051.9187071,67156
20925,1151.9187071,63676
20925,1251.9187071,60181
20925,1351.9187071,131940
20925,1451.9187071,139297
20925,1551.9187071,1357140
20925,1651.9187071,906662
20925,1751.9187071,51357
20507,018.6323879,64199
20507,118.6323879,67381
20507,218.6323879,65946
20507,318.6323879,63637
20507,418.6323879,62688
20507,518.6323879,63523
20507,618.6323879,65652
20507,718.6323879,67192
20507,818.6323879,69463
20507,918.6323879,67274
20507,1018.6323879,63691
20507,1118.6323879,65963
20507,1218.6323879,58558
20507,1318.6323879,91730
20507,1418.6323879,168913
20507,1518.6323879,644328
20507,1618.6323879,1623399
20507,1718.6323879,57665
20507,1818.6323879,57620
1319,016.8260262,64567
1319,116.8260262,65163
1319,216.8260262,66924
1319,316.8260262,64300
1319,416.8260262,64664
1319,516.8260262,63276
1319,616.8260262,63760
1319,716.8260262,64741
1319,816.8260262,67389
1319,916.8260262,63677
1319,1016.8260262,64018
1319,1116.8260262,65093
1319,1216.8260262,61709
1319,1316.8260262,71317
1319,1416.8260262,69692
1319,1516.8260262,591893
1319,1616.8260262,1607361
1319,1716.8260262,59509
1319,1816.8260262,57126
1399,020.2502642,76819
1399,120.2502642,80719
1399,220.2502642,81184
1399,320.2502642,84417
1399,420.2502642,86373
1399,520.2502642,80784
1399,620.2502642,78702
1399,720.2502642,79198
1399,820.2502642,75697
1399,920.2502642,83149
1399,1020.2502642,85245
1399,1120.2502642,87273
1399,1220.2502642,79523
1399,1320.2502642,92648
1399,1420.2502642,162121
1399,1520.2502642,670438
1399,1620.2502642,1403653
1399,1720.2502642,77506
1372,017.0081575,66962
1372,117.0081575,68161
1372,217.0081575,68629
1372,317.0081575,63733
1372,417.0081575,68928
1372,517.0081575,69224
1372,617.0081575,68893
1372,717.0081575,64073
1372,817.0081575,70571
1372,917.0081575,68841
1372,1017.0081575,67579
1372,1117.0081575,65330
1372,1217.0081575,64093
1372,1317.0081575,69419
1372,1417.0081575,106431
1372,1517.0081575,544424
1372,1617.0081575,1329485
1372,1717.0081575,60198
1372,1817.0081575,66563
1266,014.625786,62675
1266,114.625786,67004
1266,214.625786,65102
1266,314.625786,63244
1266,414.625786,63683
1266,514.625786,62011
1266,614.625786,62665
1266,714.625786,62643
1266,814.625786,67583
1266,914.625786,63103
1266,1014.625786,62237
1266,1114.625786,64314
1266,1214.625786,58348
1266,1314.625786,87086
1266,1414.625786,177221
1266,1514.625786,556296
1266,1614.625786,1711091
1266,1714.625786,57983
1266,1814.625786,54792
1322,015.8044536,64645
1322,115.8044536,65475
1322,215.8044536,66527
1322,315.8044536,64690
1322,415.8044536,65021
1322,515.8044536,63201
1322,615.8044536,63423
1322,715.8044536,64252
1322,815.8044536,67501
1322,915.8044536,64174
1322,1015.8044536,63998
1322,1115.8044536,65191
1322,1215.8044536,61664
1322,1315.8044536,71590
1322,1415.8044536,68972
1322,1515.8044536,568862
1322,1615.8044536,1631121
1322,1715.8044536,59633
1322,1815.8044536,57061
1334,019.5581443,64317
1334,119.5581443,67299
1334,219.5581443,65983
1334,319.5581443,64099
1334,419.5581443,65251
1334,519.5581443,62695
1334,619.5581443,64051
1334,719.5581443,62903
1334,819.5581443,67276
1334,919.5581443,61483
1334,1019.5581443,70635
1334,1119.5581443,66453
1334,1219.5581443,63493
1334,1319.5581443,88352
1334,1419.5581443,134464
1334,1519.5581443,612510
1334,1619.5581443,1335798
1334,1719.5581443,61641
1334,1819.5581443,55876
1376,071.358358,61765
1376,171.358358,66914
1376,271.358358,61561
1376,371.358358,64005
1376,471.358358,61313
1376,571.358358,64163
1376,671.358358,67865
1376,771.358358,64684
1376,871.358358,62068
1376,971.358358,64501
1376,1071.358358,64418
1376,1171.358358,59470
1376,1271.358358,61897
1376,1371.358358,75537
1376,1471.358358,72018
1376,1571.358358,1289208
1376,1671.358358,561852
1376,1771.358358,59087
1349,014.62549,62790
1349,114.62549,66896
1349,214.62549,65680
1349,314.62549,63962
1349,414.62549,64228
1349,514.62549,62761
1349,614.62549,63291
1349,714.62549,63565
1349,814.62549,67550
1349,914.62549,64111
1349,1014.62549,62729
1349,1114.62549,63315
1349,1214.62549,60469
1349,1314.62549,84254
1349,1414.62549,139423
1349,1514.62549,556158
1349,1614.62549,1706335
1349,1714.62549,57984
1349,1814.62549,55773
1356,018.390433,75937
1356,118.390433,69967
1356,218.390433,72434
1356,318.390433,69961
1356,418.390433,70430
1356,518.390433,71151
1356,618.390433,73660
1356,718.390433,71427
1356,818.390433,72951
1356,918.390433,69228
1356,1018.390433,69757
1356,1118.390433,73673
1356,1218.390433,68663
1356,1318.390433,81531
1356,1418.390433,143498
1356,1518.390433,595807
1356,1618.390433,1527651
1356,1718.390433,66034
1356,1818.390433,68646
2328,020.184887,67165
2328,120.184887,66607
2328,220.184887,68619
2328,320.184887,64495
2328,420.184887,65322
2328,520.184887,63120
2328,620.184887,63400
2328,720.184887,65988
2328,820.184887,66216
2328,920.184887,64078
2328,1020.184887,64932
2328,1120.184887,63485
2328,1220.184887,61689
2328,1320.184887,96052
2328,1420.184887,171206
2328,1520.184887,658271
2328,1620.184887,1559380
2328,1720.184887,60112
2328,1820.184887,56841
1262,044.799572,89324
1262,144.799572,85388
1262,244.799572,88746
1262,344.799572,86918
1262,444.799572,84934
1262,544.799572,82552
1262,644.799572,84454
1262,744.799572,88897
1262,844.799572,89166
1262,944.799572,85450
1262,1044.799572,82783
1262,1144.799572,76055
1262,1244.799572,80907
1262,1344.799572,147892
1262,1444.799572,137455
1262,1544.799572,1215311
1262,1644.799572,915287
1262,1744.799572,70562
2375,014.6270838,63261
2375,114.6270838,66701
2375,214.6270838,66230
2375,314.6270838,63974
2375,414.6270838,64859
2375,514.6270838,62511
2375,614.6270838,61631
2375,714.6270838,65138
2375,814.6270838,69335
2375,914.6270838,65224
2375,1014.6270838,64548
2375,1114.6270838,64369
2375,1214.6270838,58655
2375,1314.6270838,88405
2375,1414.6270838,175406
2375,1514.6270838,540193
2375,1614.6270838,1697179
2375,1714.6270838,59980
2375,1814.6270838,54676
1421,037.5858598,83528
1421,137.5858598,85015
1421,237.5858598,77426
1421,337.5858598,74870
1421,437.5858598,80663
1421,537.5858598,77658
1421,637.5858598,76813
1421,737.5858598,81792
1421,837.5858598,82531
1421,937.5858598,79263
1421,1037.5858598,84749
1421,1137.5858598,79808
1421,1237.5858598,80606
1421,1337.5858598,113127
1421,1437.5858598,137633
1421,1537.5858598,1018933
1421,1637.5858598,1154060
1421,1737.5858598,75354
1320,015.8044276,64506
1320,115.8044276,65339
1320,215.8044276,66664
1320,315.8044276,64576
1320,415.8044276,64928
1320,515.8044276,63249
1320,615.8044276,63950
1320,715.8044276,64205
1320,815.8044276,67845
1320,915.8044276,64174
1320,1015.8044276,63984
1320,1115.8044276,65133
1320,1215.8044276,62146
1320,1315.8044276,70194
1320,1415.8044276,67616
1320,1515.8044276,568779
1320,1615.8044276,1635186
1320,1715.8044276,59699
1320,1815.8044276,57018
2383,019.6327221,64368
2383,119.6327221,65774
2383,219.6327221,66396
2383,319.6327221,64771
2383,419.6327221,65763
2383,519.6327221,62729
2383,619.6327221,63693
2383,719.6327221,69721
2383,819.6327221,65380
2383,919.6327221,63968
2383,1019.6327221,63848
2383,1119.6327221,65437
2383,1219.6327221,61152
2383,1319.6327221,83173
2383,1419.6327221,166951
2383,1519.6327221,662767
2383,1619.6327221,1547928
2383,1719.6327221,58160
2383,1819.6327221,55538
1410,037.585474,83029
1410,137.585474,85196
1410,237.585474,79214
1410,337.585474,70449
1410,437.585474,85527
1410,537.585474,80595
1410,637.585474,81998
1410,737.585474,79155
1410,837.585474,77287
1410,937.585474,82948
1410,1037.585474,79763
1410,1137.585474,79991
1410,1237.585474,82540
1410,1337.585474,99644
1410,1437.585474,153873
1410,1537.585474,1025187
1410,1637.585474,1142317
1410,1737.585474,73669
1261,043.4945755,90366
1261,143.4945755,87062
1261,243.4945755,89197
1261,343.4945755,88422
1261,443.4945755,76513
1261,543.4945755,86005
1261,643.4945755,88312
1261,743.4945755,88915
1261,843.4945755,89729
1261,943.4945755,83170
1261,1043.4945755,80278
1261,1143.4945755,84368
1261,1243.4945755,84324
1261,1343.4945755,132663
1261,1443.4945755,123204
1261,1543.4945755,1195081
1261,1643.4945755,1053337
1261,1743.4945755,81704
1321,016.8260305,64477
1321,116.8260305,65342
1321,216.8260305,67226
1321,316.8260305,64314
1321,416.8260305,64911
1321,516.8260305,63497
1321,616.8260305,63583
1321,716.8260305,64893
1321,816.8260305,67707
1321,916.8260305,64018
1321,1016.8260305,64012
1321,1116.8260305,65270
1321,1216.8260305,61794
1321,1316.8260305,69820
1321,1416.8260305,70392
1321,1516.8260305,591561
1321,1616.8260305,1607574
1321,1716.8260305,59441
1321,1816.8260305,57338
1258,037.5849888,86836
1258,137.5849888,85177
1258,237.5849888,82785
1258,337.5849888,80366
1258,437.5849888,83280
1258,537.5849888,75348
1258,637.5849888,83923
1258,737.5849888,84615
1258,837.5849888,77510
1258,937.5849888,84130
1258,1037.5849888,84879
1258,1137.5849888,84265
1258,1237.5849888,80731
1258,1337.5849888,120525
1258,1437.5849888,135104
1258,1537.5849888,1035912
1258,1637.5849888,1152439
1258,1737.5849888,77503
2570,014.6270003,65887
2570,114.6270003,68401
2570,214.6270003,64921
2570,314.6270003,62985
2570,414.6270003,63234
2570,514.6270003,63836
2570,614.6270003,64732
2570,714.6270003,62506
2570,814.6270003,67764
2570,914.6270003,63803
2570,1014.6270003,64955
2570,1114.6270003,64502
2570,1214.6270003,60905
2570,1314.6270003,86854
2570,1414.6270003,179729
2570,1514.6270003,556457
2570,1614.6270003,1664721
2570,1714.6270003,59487
2570,1814.6270003,56574
2712,018.3908608,64629
2712,118.3908608,67239
2712,218.3908608,66725
2712,318.3908608,65237
2712,418.3908608,62831
2712,518.3908608,62012
2712,618.3908608,64772
2712,718.3908608,63365
2712,818.3908608,68425
2712,918.3908608,68038
2712,1018.3908608,62484
2712,1118.3908608,66422
2712,1218.3908608,60609
2712,1318.3908608,93631
2712,1418.3908608,163870
2712,1518.3908608,621496
2712,1618.3908608,1628415
2712,1718.3908608,58694
2712,1818.3908608,56916
1411,037.5855336,85499
1411,137.5855336,85552
1411,237.5855336,77510
1411,337.5855336,75467
1411,437.5855336,82938
1411,537.5855336,80760
1411,637.5855336,78470
1411,737.5855336,73720
1411,837.5855336,79383
1411,937.5855336,82059
1411,1037.5855336,81288
1411,1137.5855336,84004
1411,1237.5855336,84391
1411,1337.5855336,101402
1411,1437.5855336,140802
1411,1537.5855336,998594
1411,1637.5855336,1120794
1411,1737.5855336,71485
1348,014.4128664,63334
1348,114.4128664,67117
1348,214.4128664,66107
1348,314.4128664,63835
1348,414.4128664,64557
1348,514.4128664,62136
1348,614.4128664,63205
1348,714.4128664,63177
1348,814.4128664,68293
1348,914.4128664,63754
1348,1014.4128664,63110
1348,1114.4128664,64688
1348,1214.4128664,60629
1348,1314.4128664,86325
1348,1414.4128664,145869
1348,1514.4128664,550779
1348,1614.4128664,1706220
1348,1714.4128664,58858
1348,1814.4128664,55215
1415,020.2489698,80218
1415,120.2489698,80957
1415,220.2489698,85603
1415,320.2489698,80708
1415,420.2489698,80110
1415,520.2489698,79647
1415,620.2489698,81662
1415,720.2489698,84184
1415,820.2489698,76888
1415,920.2489698,80933
1415,1020.2489698,80290
1415,1120.2489698,81006
1415,1220.2489698,81684
1415,1320.2489698,107168
1415,1420.2489698,142505
1415,1520.2489698,674362
1415,1620.2489698,1371020
1415,1720.2489698,80938
2378,015.5170033,62759
2378,115.5170033,66657
2378,215.5170033,65404
2378,315.5170033,64722
2378,415.5170033,65745
2378,515.5170033,63250
2378,615.5170033,62770
2378,715.5170033,64179
2378,815.5170033,69206
2378,915.5170033,64760
2378,1015.5170033,62406
2378,1115.5170033,65834
2378,1215.5170033,58285
2378,1315.5170033,88184
2378,1415.5170033,163864
2378,1515.5170033,573571
2378,1615.5170033,1656934
2378,1715.5170033,61804
2378,1815.5170033,55029
1257,037.5850873,82880
1257,137.5850873,84111
1257,237.5850873,87591
1257,337.5850873,84665
1257,437.5850873,86420
1257,537.5850873,79787
1257,637.5850873,80320
1257,737.5850873,83678
1257,837.5850873,85457
1257,937.5850873,86590
1257,1037.5850873,82346
1257,1137.5850873,85803
1257,1237.5850873,84159
1257,1337.5850873,84823
1257,1437.5850873,138700
1257,1537.5850873,1054540
1257,1637.5850873,1168941
1257,1737.5850873,77921
1374,057.5522673,63190
1374,157.5522673,63634
1374,257.5522673,59749
1374,357.5522673,59100
1374,457.5522673,63767
1374,557.5522673,63940
1374,657.5522673,58173
1374,757.5522673,63146
1374,857.5522673,60204
1374,957.5522673,62352
1374,1057.5522673,68013
1374,1157.5522673,57155
1374,1257.5522673,58507
1374,1357.5522673,82856
1374,1457.5522673,35295
1374,1557.5522673,1149065
1374,1657.5522673,608863
1374,1757.5522673,57397
21116,1631.9465523,1293403
21116,1731.9465523,57708
21116,1831.9465523,60088
1404,019.5574613,78727
1404,119.5574613,81092
1404,219.5574613,80311
1404,319.5574613,76818
1404,419.5574613,87494
1404,519.5574613,79310
1404,619.5574613,83345
1404,719.5574613,83440
1404,819.5574613,80391
1404,919.5574613,84140
1404,1019.5574613,85216
1404,1119.5574613,85433
1404,1219.5574613,77555
1404,1319.5574613,91919
1404,1419.5574613,130605
1404,1519.5574613,674667
1404,1619.5574613,1485379
1404,1719.5574613,72336
1404,1819.5574613,72438
1339,014.550589,76403
1339,114.550589,72019
1339,214.550589,72678
1339,314.550589,69869
1339,414.550589,70133
1339,514.550589,69601
1339,614.550589,71174
1339,714.550589,71397
1339,814.550589,76561
1339,914.550589,72945
1339,1014.550589,70515
1339,1114.550589,69843
1339,1214.550589,74181
1339,1314.550589,92833
1339,1414.550589,118085
1339,1514.550589,507614
1339,1614.550589,1439708
1339,1714.550589,69563
1339,1814.550589,65480
2603,016.0912282,65068
2603,116.0912282,66662
2603,216.0912282,66403
2603,316.0912282,62774
2603,416.0912282,63340
2603,516.0912282,61938
2603,616.0912282,62827
2603,716.0912282,63810
2603,816.0912282,69733
2603,916.0912282,63568
2603,1016.0912282,61898
2603,1116.0912282,64457
2603,1216.0912282,60112
2603,1316.0912282,89464
2603,1416.0912282,176761
2603,1516.0912282,588550
2603,1616.0912282,1672891
2603,1716.0912282,60515
2603,1816.0912282,58130
2377,019.6328578,66521
2377,119.6328578,66811
2377,219.6328578,66102
2377,319.6328578,63006
2377,419.6328578,64658
2377,519.6328578,63575
2377,619.6328578,66144
2377,719.6328578,62924
2377,819.6328578,69782
2377,919.6328578,62204
2377,1019.6328578,61759
2377,1119.6328578,61964
2377,1219.6328578,61694
2377,1319.6328578,93675
2377,1419.6328578,164390
2377,1519.6328578,661785
2377,1619.6328578,1559372
2377,1719.6328578,58806
2377,1819.6328578,56900
1336,015.5172193,76349
1336,115.5172193,74542
1336,215.5172193,71610
1336,315.5172193,70545
1336,415.5172193,72567
1336,515.5172193,74557
1336,615.5172193,71652
1336,715.5172193,73614
1336,815.5172193,75374
1336,915.5172193,71848
1336,1015.5172193,71417
1336,1115.5172193,72388
1336,1215.5172193,75934
1336,1315.5172193,90887
1336,1415.5172193,135161
1336,1515.5172193,519562
1336,1615.5172193,1398174
1336,1715.5172193,65932
1336,1815.5172193,64819
20688,037.5866816,59176
20688,137.5866816,60128
20688,237.5866816,63721
20688,337.5866816,57899
20688,437.5866816,65550
20688,537.5866816,62728
20688,637.5866816,68322
20688,737.5866816,63890
20688,837.5866816,66109
20688,937.5866816,58660
20688,1037.5866816,61121
20688,1137.5866816,61324
20688,1237.5866816,54517
20688,1337.5866816,64619
20688,1437.5866816,71769
20688,1537.5866816,968847
20688,1637.5866816,823470
20688,1737.5866816,51961
1323,016.8260183,64514
1323,116.8260183,65349
1323,216.8260183,67259
1323,316.8260183,64236
1323,416.8260183,64671
1323,516.8260183,63349
1323,616.8260183,63861
1323,716.8260183,64576
1323,816.8260183,67435
1323,916.8260183,63795
1323,1016.8260183,64124
1323,1116.8260183,65149
1323,1216.8260183,61839
1323,1316.8260183,71399
1323,1416.8260183,76090
1323,1516.8260183,591369
1323,1616.8260183,1612272
1323,1716.8260183,59626
1323,1816.8260183,57493
8689,017.6317449,65836
8689,117.6317449,69185
8689,217.6317449,66946
8689,317.6317449,64981
8689,417.6317449,62467
8689,517.6317449,63264
8689,617.6317449,64316
8689,717.6317449,63471
8689,817.6317449,67559
8689,917.6317449,65433
8689,1017.6317449,64829
8689,1117.6317449,65193
8689,1217.6317449,60761
8689,1317.6317449,90265
8689,1417.6317449,174956
8689,1517.6317449,621765
8689,1617.6317449,1603640
8689,1717.6317449,61503
8689,1817.6317449,55164
1265,014.6271086,62764
1265,114.6271086,66760
1265,214.6271086,65101
1265,314.6271086,63307
1265,414.6271086,63402
1265,514.6271086,61818
1265,614.6271086,62521
1265,714.6271086,62498
1265,814.6271086,67435
1265,914.6271086,62851
1265,1014.6271086,61949
1265,1114.6271086,64450
1265,1214.6271086,58618
1265,1314.6271086,87032
1265,1414.6271086,177150
1265,1514.6271086,556470
1265,1614.6271086,1710963
1265,1714.6271086,58146
1265,1814.6271086,54859
2325,037.5856915,83551
2325,137.5856915,81400
2325,237.5856915,87048
2325,337.5856915,81173
2325,437.5856915,83114
2325,537.5856915,79253
2325,637.5856915,81840
2325,737.5856915,84328
2325,837.5856915,78014
2325,937.5856915,82150
2325,1037.5856915,83657
2325,1137.5856915,84037
2325,1237.5856915,82557
2325,1337.5856915,121117
2325,1437.5856915,115965
2325,1537.5856915,1053294
2325,1637.5856915,1150612
2325,1737.5856915,72152
1260,044.7866788,74340
1260,144.7866788,87344
1260,244.7866788,87117
1260,344.7866788,86451
1260,444.7866788,86004
1260,544.7866788,83674
1260,644.7866788,86102
1260,744.7866788,82866
1260,844.7866788,89643
1260,944.7866788,86511
1260,1044.7866788,87584
1260,1144.7866788,83620
1260,1244.7866788,82198
1260,1344.7866788,151739
1260,1444.7866788,151478
1260,1544.7866788,1224851
1260,1644.7866788,1022954
1260,1744.7866788,81625
1354,015.5225449,64248
1354,115.5225449,66539
1354,215.5225449,67856
1354,315.5225449,65619
1354,415.5225449,65469
1354,515.5225449,70092
1354,615.5225449,64210
1354,715.5225449,65480
1354,815.5225449,62690
1354,915.5225449,67201
1354,1015.5225449,67751
1354,1115.5225449,67043
1354,1215.5225449,61974
1354,1315.5225449,74104
1354,1415.5225449,129528
1354,1515.5225449,541130
1354,1615.5225449,1466601
1354,1715.5225449,61223
1354,1815.5225449,57376
1335,019.932156,60722
1335,119.932156,64293
1335,219.932156,64373
1335,319.932156,62877
1335,419.932156,65773
1335,519.932156,65718
1335,619.932156,64241
1335,719.932156,63482
1335,819.932156,61746
1335,919.932156,66612
1335,1019.932156,64395
1335,1119.932156,65166
1335,1219.932156,64348
1335,1319.932156,80320
1335,1419.932156,91021
1335,1519.932156,584708
1335,1619.932156,1339912
1335,1719.932156,59037
1335,1819.932156,59819
1604,019.5569844,82415
1604,119.5569844,77883
1604,219.5569844,77614
1604,319.5569844,70367
1604,419.5569844,79021
1604,519.5569844,74610
1604,619.5569844,77213
1604,719.5569844,82199
1604,819.5569844,78015
1604,919.5569844,79523
1604,1019.5569844,79604
1604,1119.5569844,83472
1604,1219.5569844,77836
1604,1319.5569844,118596
1604,1419.5569844,146295
1604,1519.5569844,665142
1604,1619.5569844,1532630
1604,1719.5569844,80099
1352,014.6254208,63224
1352,114.6254208,66421
1352,214.6254208,65501
1352,314.6254208,63479
1352,414.6254208,64043
1352,514.6254208,62708
1352,614.6254208,63350
1352,714.6254208,63405
1352,814.6254208,65964
1352,914.6254208,62543
1352,1014.6254208,62862
1352,1114.6254208,64894
1352,1214.6254208,58634
1352,1314.6254208,80431
1352,1414.6254208,137675
1352,1514.6254208,539595
1352,1614.6254208,1638936
1352,1714.6254208,57792
1352,1814.6254208,55051
1264,044.7996416,89316
1264,144.7996416,78065
1264,244.7996416,85651
1264,344.7996416,86909
1264,444.7996416,85469
1264,544.7996416,83548
1264,644.7996416,85750
1264,744.7996416,82840
1264,844.7996416,84816
1264,944.7996416,88432
1264,1044.7996416,78285
1264,1144.7996416,84186
1264,1244.7996416,84139
1264,1344.7996416,146873
1264,1444.7996416,112454
1264,1544.7996416,1214668
1264,1644.7996416,1023962
1264,1744.7996416,82400
1347,016.0901866,66431
1347,116.0901866,63100
1347,216.0901866,70536
1347,316.0901866,65609
1347,416.0901866,65827
1347,516.0901866,67798
1347,616.0901866,68063
1347,716.0901866,66208
1347,816.0901866,63603
1347,916.0901866,60447
1347,1016.0901866,62828
1347,1116.0901866,69922
1347,1216.0901866,63396
1347,1316.0901866,68431
1347,1416.0901866,85535
1347,1516.0901866,521500
1347,1616.0901866,1327930
1347,1716.0901866,66144
1347,1816.0901866,63859