ThreadID,WindowStartTime(s),Variance
1373,016.5442305,39626377804740.93
1373,116.5442305,75253748589134.17
1373,216.5442305,35718655135200.48
1373,316.5442305,43838751760082.49
1373,416.5442305,45303096471177.87
1373,516.5442305,36466050243371.3
1373,616.5442305,43832603726840.38
1373,716.5442305,45522513475972.086
1373,816.5442305,33251808522603.63
1373,916.5442305,43007890672138.04
1373,1016.5442305,33311650242037.496
1373,1116.5442305,42141139383321.64
1373,1216.5442305,54459628701376.53
1373,1316.5442305,47528093633464.02
1373,1416.5442305,81107860153258.11
1373,1516.5442305,5237255615791.409
1373,1616.5442305,1737292833936.352
1373,1716.5442305,63182530570217.56
1373,1816.5442305,44209858163894
1263,025.1825178,6520270659437.663
1263,125.1825178,15676811560010.785
1263,225.1825178,5318218587552.347
1263,325.1825178,10253712963168.1
1263,425.1825178,8899018340755.395
1263,525.1825178,11873012976252.338
1263,625.1825178,9992283060559.877
1263,725.1825178,8669804060167.376
1263,825.1825178,12402043453692.553
1263,925.1825178,19115813072158.016
1263,1025.1825178,10587202190649.273
1263,1125.1825178,13518461423535.768
1263,1225.1825178,13095277969128.516
1263,1325.1825178,8012490244727509
1263,1425.1825178,19650375615940.023
1263,1525.1825178,1584059547502.5376
1263,1625.1825178,1384539472102.3267
1263,1725.1825178,20277141728921.793
1263,1825.1825178,34816924290768.363
2530,015.1831853,11855162264499.59
2530,115.1831853,8448927714131.096
2530,215.1831853,7744123123493.234
2530,315.1831853,12059019969574.566
2530,415.1831853,8883546967136.94
2530,515.1831853,16476486065295.822
2530,615.1831853,12200552518772.14
2530,715.1831853,13806588515755.426
2530,815.1831853,9083520769527.488
2530,915.1831853,15285390512216.834
2530,1015.1831853,9886632554926.459
2530,1115.1831853,14947532810938.521
2530,1215.1831853,11400465585810.707
2530,1315.1831853,6594615984598.889
2530,1415.1831853,4466974233894.986
2530,1515.1831853,1258727637851.9626
2530,1615.1831853,158143093753.0977
2530,1715.1831853,20091931062181.875
2530,1815.1831853,27859449504761.547
1401,037.585704,23400259015270.93
1401,137.585704,16383821044046.7
1401,237.585704,22008147014701.95
1401,337.585704,19721357850506.12
1401,437.585704,18292905771212.42
1401,537.585704,17922012568577.99
1401,637.585704,27307648605732.938
1401,737.585704,208566269079395.28
1401,837.585704,93916240542049.02
1401,937.585704,18323693927840.188
1401,1037.585704,23079847411222.76
1401,1137.585704,16398229794930.764
1401,1237.585704,15264728675994.014
1401,1337.585704,20258798868390.25
1401,1437.585704,30992375583749.65
1401,1537.585704,1327601893789.878
1401,1637.585704,1993715637528.6719
1401,1737.585704,22510575107324.16
1255,037.584956,18131458929863.93
1255,137.584956,14580352271071.018
1255,237.584956,27559949811343.457
1255,337.584956,22930545389904.938
1255,437.584956,15157000002303.848
1255,537.584956,17052240407488.24
1255,637.584956,17722519165148.457
1255,737.584956,29729577138281.133
1255,837.584956,16666068583796.562
1255,937.584956,26294114419102.63
1255,1037.584956,15919195113945.736
1255,1137.584956,24883635377707.242
1255,1237.584956,14417542510802.928
1255,1337.584956,14419421755455.795
1255,1437.584956,35342071878437.195
1255,1537.584956,1288673061376.9507
1255,1637.584956,938060469634.5117
1255,1737.584956,22464923703770.277
1350,014.2247827,11997651344046.645
1350,114.2247827,10851954434541.682
1350,214.2247827,8285635823112.94
1350,314.2247827,9188707530939.77
1350,414.2247827,9115029240690.49
1350,514.2247827,9910665119514.096
1350,614.2247827,10008978959577.244
1350,714.2247827,10125885217682.84
1350,814.2247827,8339391844963.905
1350,914.2247827,11227804469085.54
1350,1014.2247827,12372613179912.756
1350,1114.2247827,9605126868845.61
1350,1214.2247827,11382385878821.791
1350,1314.2247827,7192489379780.31
1350,1414.2247827,14683836149350.205
1350,1514.2247827,1122941626087.0518
1350,1614.2247827,116098703442.9982
1350,1714.2247827,17448349550606.342
1350,1814.2247827,23660557065990.105
1331,017.0084634,32114254833690.645
1331,117.0084634,52672057655009.2
1331,217.0084634,34884796724295.695
1331,317.0084634,41750823962316.305
1331,417.0084634,37492369350578.875
1331,517.0084634,35147934814921.28
1331,617.0084634,45246222760825.97
1331,717.0084634,60668429208148.5
1331,817.0084634,36890914237209.04
1331,917.0084634,34517357976604.355
1331,1017.0084634,33358406935630.914
1331,1117.0084634,43074506162456.414
1331,1217.0084634,42266050949286.64
1331,1317.0084634,69793833337743.33
1331,1417.0084634,67241546816844.17
1331,1517.0084634,5763017569896.576
1331,1617.0084634,1871188192685.207
1331,1717.0084634,55039575995136.984
1331,1817.0084634,51132286301626.08
1398,037.5856884,22901504603580.594
1398,137.5856884,13484995254758.998
1398,237.5856884,15174274416123.396
1398,337.5856884,29796099898168.17
1398,437.5856884,15141412580019.896
1398,537.5856884,24694306248887.926
1398,637.5856884,15313176532814.39
1398,737.5856884,17962810554896.996
1398,837.5856884,79777261360698.08
1398,937.5856884,21286520795208.08
1398,1037.5856884,18947850475367.395
1398,1137.5856884,14230986616815.363
1398,1237.5856884,17913820750691.51
1398,1337.5856884,54768047057961.37
1398,1437.5856884,24963664715415.863
1398,1537.5856884,1368649268377.3474
1398,1637.5856884,1817156267014.86
1398,1737.5856884,41611148620712.805
1370,015.522776,42689649566786.76
1370,115.522776,310427348421114.56
1370,215.522776,36709328594013.734
1370,315.522776,41986294762218.86
1370,415.522776,42326034882780.94
1370,515.522776,40762958945494.17
1370,615.522776,43033122718668.51
1370,715.522776,50563726994141.445
1370,815.522776,114522035496214.7
1370,915.522776,46879265911735.76
1370,1015.522776,41111599914952.984
1370,1115.522776,49642606832929.61
1370,1215.522776,40647654275870.88
1370,1315.522776,57537216313784.32
1370,1415.522776,48385423644780.28
1370,1515.522776,5237106820615.08
1370,1615.522776,1736180337202.216
1370,1715.522776,57395294730085.88
1370,1815.522776,60865392580627.97
1402,019.5576148,26933979744528.25
1402,119.5576148,27640453925100.562
1402,219.5576148,24065164222666.14
1402,319.5576148,39240264716109.53
1402,419.5576148,16526614792034.621
1402,519.5576148,16728117980057.287
1402,619.5576148,22270256388745.785
1402,719.5576148,22022249328843.156
1402,819.5576148,36837940791795.49
1402,919.5576148,24941659427021.797
1402,1019.5576148,14641211281146.89
1402,1119.5576148,16836231416122.861
1402,1219.5576148,23247427600151.07
1402,1319.5576148,16917067936293.213
1402,1419.5576148,39509014617530.336
1402,1519.5576148,1911098688134.3938
1402,1619.5576148,1202787286900.8672
1402,1719.5576148,37584268390945.19
2628,017.6822543,11485111468262.602
2628,117.6822543,10388188717630.578
2628,217.6822543,9066447500110.191
2628,317.6822543,11685896732929.254
2628,417.6822543,8944412926212.768
2628,517.6822543,9680864311295.137
2628,617.6822543,11088892949466.512
2628,717.6822543,10183606422410.246
2628,817.6822543,10534181588930.852
2628,917.6822543,13055633311224.11
2628,1017.6822543,13657161273482.744
2628,1117.6822543,9269173797629.102
2628,1217.6822543,14625721073981.32
2628,1317.6822543,7003401289833.939
2628,1417.6822543,6229429566095.379
2628,1517.6822543,902712371338.5573
2628,1617.6822543,349964459714.1831
2628,1717.6822543,18165068415238.625
2628,1817.6822543,26507116412452.156
19916,018.6323824,11889563675881.348
19916,118.6323824,12041628589045.465
19916,218.6323824,12649339069654.041
19916,318.6323824,11593060620878.965
19916,418.6323824,10439802836583.629
19916,518.6323824,10554215816893.758
19916,618.6323824,14047654018401.672
19916,718.6323824,10516558955272.13
19916,818.6323824,8871652550311.3
19916,918.6323824,10064785024096.852
19916,1018.6323824,12275786603836.945
19916,1118.6323824,8744748588278.388
19916,1218.6323824,11419124271303.148
19916,1318.6323824,13307571142135.67
19916,1418.6323824,5259354401837.433
19916,1518.6323824,717229448013.2797
19916,1618.6323824,189350363322.00162
19916,1718.6323824,23261359293624.082
19916,1818.6323824,22658699293615.656
1230,019.5029979,14440447831554.615
1230,119.5029979,24210569347367.715
1230,219.5029979,12803234864540.412
1230,319.5029979,12750616135615.248
1230,419.5029979,11762585218026.377
1230,519.5029979,20817613329461.45
1230,619.5029979,14982765931115.932
1230,719.5029979,20810337135903.06
1230,819.5029979,19856479802481.977
1230,919.5029979,24217236478045.33
1230,1019.5029979,16175136933880.11
1230,1119.5029979,13226722356158.953
1230,1219.5029979,28354416059251.266
1230,1319.5029979,29161975954777.176
1230,1419.5029979,37616234592852.516
1230,1519.5029979,1159589840320.051
1230,1619.5029979,670465514263.9749
1230,1719.5029979,16134774035177.422
1230,1819.5029979,21835948993033.816
1338,015.5167055,29956321082034.49
1338,115.5167055,35184939528760.414
1338,215.5167055,28641545295218.5
1338,315.5167055,31532319647011.035
1338,415.5167055,34302594014994.812
1338,515.5167055,27648566217251.52
1338,615.5167055,40871430583192.625
1338,715.5167055,35969624420257.47
1338,815.5167055,54534021127813.93
1338,915.5167055,33946094329061.06
1338,1015.5167055,33632759670633.78
1338,1115.5167055,43661982391713.18
1338,1215.5167055,27123733887750.47
1338,1315.5167055,20821044934718.55
1338,1415.5167055,37931141876213.35
1338,1515.5167055,4444577143278.988
1338,1615.5167055,1325687741429.6355
1338,1715.5167055,47404866486187.734
1338,1815.5167055,46659902609120.43
1267,015.6284974,11123526322207.764
1267,115.6284974,8267304541735.993
1267,215.6284974,9487925105342.336
1267,315.6284974,8970702479587.336
1267,415.6284974,13338350809998.729
1267,515.6284974,9216486569506.46
1267,615.6284974,12032359023794.2
1267,715.6284974,11959762507806.55
1267,815.6284974,8782935616510.283
1267,915.6284974,10684419114969.41
1267,1015.6284974,11274419854750.21
1267,1115.6284974,12680166202360.83
1267,1215.6284974,12726602015293.934
1267,1315.6284974,5174652825667.872
1267,1415.6284974,4878316748944.828
1267,1515.6284974,1602021744186.7175
1267,1615.6284974,271589206350.86884
1267,1715.6284974,19376165041451.27
1267,1815.6284974,26993840117739.83
8679,015.5223012,12870594028964.549
8679,115.5223012,225518836042007.22
8679,215.5223012,17196248993559.252
8679,315.5223012,11127586026227.756
8679,415.5223012,12189002335119.479
8679,515.5223012,11743870704104.617
8679,615.5223012,10606708287936.951
8679,715.5223012,12446251617582.459
8679,815.5223012,8285089217587.86
8679,915.5223012,14384550116615.73
8679,1015.5223012,11337507729740.182
8679,1115.5223012,13629379162000.209
8679,1215.5223012,11214497980337.629
8679,1315.5223012,7561072136729
8679,1415.5223012,10144649934990.71
8679,1515.5223012,1039170310117.9172
8679,1615.5223012,291698488527.2834
8679,1715.5223012,16843570618076.773
8679,1815.5223012,21489406399551.926
20665,017.6317577,13183603456757.527
20665,117.6317577,8910440528650.559
20665,217.6317577,8076449433560.955
20665,317.6317577,10580287949741.74
20665,417.6317577,8900506926063.22
20665,517.6317577,9453051186922.46
20665,617.6317577,10673383188668.316
20665,717.6317577,12930900126422.016
20665,817.6317577,8759259511827.225
20665,917.6317577,10727565393553.014
20665,1017.6317577,13769137118260.408
20665,1117.6317577,10571122739035.064
20665,1217.6317577,12247254539480.283
20665,1317.6317577,6478529525044.289
20665,1417.6317577,12641276867495.36
20665,1517.6317577,1095267945529.5042
20665,1617.6317577,272433444377.55923
20665,1717.6317577,21642321605916.414
20665,1817.6317577,19172595956108.71
1196,014.2964985,6087253834225.307
1196,114.2964985,5767105279937.46
1196,214.2964985,6050937418778.664
1196,314.2964985,7544364085934.364
1196,414.2964985,7461766267744.343
1196,514.2964985,6282226432671.084
1196,614.2964985,6114962794998.48
1196,714.2964985,7155350972060.507
1196,814.2964985,5595965093615.337
1196,914.2964985,5980145829506.9
1196,1014.2964985,6048378573533.2
1196,1114.2964985,6071574122979.898
1196,1214.2964985,9548150606975.469
1196,1314.2964985,3977006148488.4707
1196,1414.2964985,939273784487.6454
1196,1514.2964985,558940070752.9729
1196,1614.2964985,43756165735.08895
1196,1714.2964985,7124099404593.157
1196,1814.2964985,12229325425312.99
1351,014.3092508,11135451109328.203
1351,114.3092508,10283900899400.742
1351,214.3092508,7843975665907.366
1351,314.3092508,9180233852975.164
1351,414.3092508,8895417933187.674
1351,514.3092508,9301326769882.186
1351,614.3092508,11384705402581.836
1351,714.3092508,9765689143550.994
1351,814.3092508,9827684144858.6
1351,914.3092508,12173250018594.338
1351,1014.3092508,9849476346239.54
1351,1114.3092508,10395912541492.54
1351,1214.3092508,12902683512561.592
1351,1314.3092508,8349110653962.283
1351,1414.3092508,21326384367417
1351,1514.3092508,1403355532475.6958
1351,1614.3092508,328334536251.2252
1351,1714.3092508,16821475881423.408
1351,1814.3092508,25497576563059.25
1355,017.422001,46144661507217.945
1355,117.422001,43499736476037.7
1355,217.422001,36771850418976.49
1355,317.422001,43206250568818.945
1355,417.422001,40518707668263.13
1355,517.422001,31973298975678.684
1355,617.422001,52874775855231.79
1355,717.422001,45585630849941.62
1355,817.422001,38001278142215.19
1355,917.422001,47317182356305.1
1355,1017.422001,43651517777721.28
1355,1117.422001,38759135035112.57
1355,1217.422001,37535789069386.85
1355,1317.422001,24883155501701.2
1355,1417.422001,90337964344113.1
1355,1517.422001,4870900875650.183
1355,1617.422001,2101986430419.4202
1355,1717.422001,63844509901941.01
1355,1817.422001,58247116285803.734
1275,017.681929,18594433016589.832
1275,117.681929,252168160957341.1
1275,217.681929,12915880762130.545
1275,317.681929,16891034105491.215
1275,417.681929,21837112346563.82
1275,517.681929,18589820433065.145
1275,617.681929,22139749393941.57
1275,717.681929,13590671501617.045
1275,817.681929,17801664443415.195
1275,917.681929,22081121651751.02
1275,1017.681929,20541118637671.33
1275,1117.681929,25602804138960.324
1275,1217.681929,22949457400806.09
1275,1317.681929,13392170246556.316
1275,1417.681929,30005842498344.707
1275,1517.681929,2688121433436.097
1275,1617.681929,695461275470.5153
1275,1717.681929,43679894539759.87
1275,1817.681929,33321851768983.38
1414,019.5566933,18686057721669.85
1414,119.5566933,37474311017154.21
1414,219.5566933,31137244433267.727
1414,319.5566933,19187580724614.58
1414,419.5566933,22998501597128.133
1414,519.5566933,20183254336284.082
1414,619.5566933,26435931868656.863
1414,719.5566933,23250905078719.152
1414,819.5566933,80958696919070.64
1414,919.5566933,17892970318041.406
1414,1019.5566933,14767148533800.656
1414,1119.5566933,11388793387194.416
1414,1219.5566933,22617794964957.83
1414,1319.5566933,7337170860441814
1414,1419.5566933,18892094849169.562
1414,1519.5566933,1607295006344.8042
1414,1619.5566933,1006609919601.16
1414,1719.5566933,40850074201068.12
1414,1819.5566933,21077596455333.203
1394,037.5859222,22951638658255.863
1394,137.5859222,28434570654026.98
1394,237.5859222,24013285731572.9
1394,337.5859222,35792837783149.95
1394,437.5859222,16530687809658.643
1394,537.5859222,13266718174220.994
1394,637.5859222,21401651310583.832
1394,737.5859222,35239411781324.19
1394,837.5859222,84221454595734.66
1394,937.5859222,13070998594311.256
1394,1037.5859222,17740544912213.28
1394,1137.5859222,20182645224860.887
1394,1237.5859222,17169161873728.021
1394,1337.5859222,42568644432930.91
1394,1437.5859222,41727466455000.664
1394,1537.5859222,815083669075.2115
1394,1637.5859222,1136156683786.424
1394,1737.5859222,30160663594348.12
1197,014.2244802,11370705979531.117
1197,114.2244802,8298735865326.35
1197,214.2244802,7799297051921.928
1197,314.2244802,9087702005354.742
1197,414.2244802,8869678305414.316
1197,514.2244802,9221002633920.383
1197,614.2244802,9941003594170.695
1197,714.2244802,9679009524189.52
1197,814.2244802,8216527890930.423
1197,914.2244802,10666430855275.885
1197,1014.2244802,9843063297280.492
1197,1114.2244802,9213102131475.512
1197,1214.2244802,10916392696391.2
1197,1314.2244802,5828468441274.615
1197,1414.2244802,4495047749003.499
1197,1514.2244802,1113419878761.7144
1197,1614.2244802,115466096390.5313
1197,1714.2244802,16768461525065.764
1197,1814.2244802,23680717389681.344
2230,016.6289814,10786116681336.963
2230,116.6289814,8324377165461.159
2230,216.6289814,7844801127364.276
2230,316.6289814,10349835241419.506
2230,416.6289814,9654206053515.756
2230,516.6289814,9961301914268.344
2230,616.6289814,9673807614179.611
2230,716.6289814,16575729828025.799
2230,816.6289814,10691549951207.701
2230,916.6289814,12802677296140.795
2230,1016.6289814,12678111820034.648
2230,1116.6289814,11080324845826.426
2230,1216.6289814,11142620435208.354
2230,1316.6289814,8479323093497.422
2230,1416.6289814,6833514980312.804
2230,1516.6289814,1493284041978.861
2230,1616.6289814,123836962338.31549
2230,1716.6289814,20284616809763.457
2230,1816.6289814,24766955850182.633
2231,018.5170546,10774452983849.348
2231,118.5170546,11917714414128.277
2231,218.5170546,7338671497831.592
2231,318.5170546,10334440417499.312
2231,418.5170546,10421707904337.678
2231,518.5170546,9337155582024.945
2231,618.5170546,10110446611527.19
2231,718.5170546,9975829827029.293
2231,818.5170546,10035281192462.375
2231,918.5170546,11524054340400.16
2231,1018.5170546,9836126894212.559
2231,1118.5170546,9006740817081.754
2231,1218.5170546,13573408785835.51
2231,1318.5170546,5500646861050.226
2231,1418.5170546,5833200196260.529
2231,1518.5170546,1028790984002.9685
2231,1618.5170546,389683076346.1994
2231,1718.5170546,21590898005956.906
2231,1818.5170546,15935537608328.777
1357,018.3950226,19074455269500.785
1357,118.3950226,26060040437905.055
1357,218.3950226,28601500299680.363
1357,318.3950226,22670315715105.113
1357,418.3950226,23571543736641.53
1357,518.3950226,21940063284316.65
1357,618.3950226,19457024651317.062
1357,718.3950226,18064222679259.97
1357,818.3950226,27472867842273.215
1357,918.3950226,16043195561511.492
1357,1018.3950226,19440759676276.99
1357,1118.3950226,32992153579663.05
1357,1218.3950226,21122054313727.496
1357,1318.3950226,12312166634715.354
1357,1418.3950226,24178336459941.22
1357,1518.3950226,1799812160600.7446
1357,1618.3950226,1012436056222.2272
1357,1718.3950226,35519224908432.05
1357,1818.3950226,32792774559978.23
1337,014.5492325,28359333144617.957
1337,114.5492325,35489487125975.03
1337,214.5492325,26970983107041.465
1337,314.5492325,31074120442855.33
1337,414.5492325,35758326935430.24
1337,514.5492325,28012735726251.773
1337,614.5492325,36469098226656.4
1337,714.5492325,27649076805878.066
1337,814.5492325,58712095682692.07
1337,914.5492325,30044679938896.41
1337,1014.5492325,38985478046647.2
1337,1114.5492325,46112449539122.55
1337,1214.5492325,28597222780309.395
1337,1314.5492325,27185815463692.89
1337,1414.5492325,25944269145492.254
1337,1514.5492325,4511885742186.818
1337,1614.5492325,1251162705375.2444
1337,1714.5492325,53197104997559.2
1337,1814.5492325,40292434759194.57
2493,015.5176208,11324016798962.29
2493,115.5176208,13399648650180.248
2493,215.5176208,8137448504724.972
2493,315.5176208,14418717199403.1
2493,415.5176208,13081264950332.357
2493,515.5176208,10495227357611.225
2493,615.5176208,9875910811158.256
2493,715.5176208,12542661053007.139
2493,815.5176208,9862512335417.586
2493,915.5176208,14492225848718.355
2493,1015.5176208,11298473236101.377
2493,1115.5176208,10166830486743.07
2493,1215.5176208,10760804339379.805
2493,1315.5176208,6252088114197.195
2493,1415.5176208,4217653065221.794
2493,1515.5176208,1165978762972.9285
2493,1615.5176208,160567413895.65927
2493,1715.5176208,19039784143671.098
2493,1815.5176208,24009816733105.16
1276,018.3905532,17538345526691.793
1276,118.3905532,176911665745675.06
1276,218.3905532,17993846014160.637
1276,318.3905532,22816961157959.504
1276,418.3905532,27197363446751.457
1276,518.3905532,20567893480657.4
1276,618.3905532,19880792680854.094
1276,718.3905532,18889991465730.523
1276,818.3905532,17630115095072.973
1276,918.3905532,29038122867054.4
1276,1018.3905532,23697141975779.066
1276,1118.3905532,26787233984915.086
1276,1218.3905532,20063850886618.99
1276,1318.3905532,26504181766899.895
1276,1418.3905532,30476748758717.426
1276,1518.3905532,2259782414641.973
1276,1618.3905532,951031450658.7072
1276,1718.3905532,42338404695159.17
1276,1818.3905532,22404590256186.37
1231,019.5558352,19250501044253.664
1231,119.5558352,29257691281066.86
1231,219.5558352,26785583513108.36
1231,319.5558352,33899760140640.203
1231,419.5558352,19040801242501.926
1231,519.5558352,27211311401098.703
1231,619.5558352,37392081861863.18
1231,719.5558352,226593052352180.97
1231,819.5558352,30114016359749.91
1231,919.5558352,20531260407946.473
1231,1019.5558352,19489068175796.066
1231,1119.5558352,18643661017274.492
1231,1219.5558352,25790423580276.465
1231,1319.5558352,24422003587318.625
1231,1419.5558352,21157679461832.94
1231,1519.5558352,1984559652481.0413
1231,1619.5558352,684006924587.9664
1231,1719.5558352,16135521406644.818
1231,1819.5558352,20212394054120.703
2379,018.519775,11838050205875.645
2379,118.519775,8314261988866.093
2379,218.519775,8192472944695.823
2379,318.519775,13077914032674.03
2379,418.519775,8916632868945.145
2379,518.519775,12032585366100.215
2379,618.519775,9642211989141.64
2379,718.519775,8290286704456.16
2379,818.519775,8645602426561.978
2379,918.519775,10708098806305.457
2379,1018.519775,14390118366605.729
2379,1118.519775,9281469086458.059
2379,1218.519775,10274442774477.186
2379,1318.519775,6423984590097.261
2379,1418.519775,5203340214974.904
2379,1518.519775,832382522673.4916
2379,1618.519775,185503044079.2851
2379,1718.519775,23060653732946.445
2379,1818.519775,22846240225912.38
1358,016.946699,36068811626527.89
1358,116.946699,84304448897139.75
1358,216.946699,37816184987366.766
1358,316.946699,34821868196376.027
1358,416.946699,49249740173639.984
1358,516.946699,39609383893044.44
1358,616.946699,42298820772031.52
1358,716.946699,43062633407232.33
1358,816.946699,37406004883760.195
1358,916.946699,25694423891339.457
1358,1016.946699,43637587629384.67
1358,1116.946699,66277450831213.234
1358,1216.946699,41130584241269.98
1358,1316.946699,51342490500743.74
1358,1416.946699,50178737869356.61
1358,1516.946699,4764674491533.173
1358,1616.946699,2636723986519.366
1358,1716.946699,62113202758681.11
1358,1816.946699,48086987455298.84
1369,017.0087302,35881175573941.4
1369,117.0087302,45957874353079.06
1369,217.0087302,42733955156074.766
1369,317.0087302,41838661586672.42
1369,417.0087302,42062293187887.086
1369,517.0087302,40312268214096.19
1369,617.0087302,33568858031869.05
1369,717.0087302,44445048830527.34
1369,817.0087302,42650696535888.74
1369,917.0087302,37174613922583.79
1369,1017.0087302,39758942709346.96
1369,1117.0087302,43561585579535.19
1369,1217.0087302,43555013502937.016
1369,1317.0087302,51947536218316.805
1369,1417.0087302,95854374945924.19
1369,1517.0087302,3862729436388.6567
1369,1617.0087302,1884080962965.6248
1369,1717.0087302,49778071889221.3
1369,1817.0087302,48087313049701.14
1371,016.1461647,40045487647717.445
1371,116.1461647,75027771148343.33
1371,216.1461647,36664606732713.76
1371,316.1461647,38371078537516.055
1371,416.1461647,43602747526349.62
1371,516.1461647,39307706568653.71
1371,616.1461647,43985361198878.21
1371,716.1461647,44052530071149.14
1371,816.1461647,33585550946281.258
1371,916.1461647,50416847910873.41
1371,1016.1461647,38934040791970.05
1371,1116.1461647,51203074532781.44
1371,1216.1461647,44634921799017.77
1371,1316.1461647,40818449962912.93
1371,1416.1461647,61169256997692.484
1371,1516.1461647,4385405394924.524
1371,1616.1461647,2051357260492.0076
1371,1716.1461647,57671765462341.89
1371,1816.1461647,57492724281809.13
1603,037.5854483,26890919982451.36
1603,137.5854483,20572675113579.34
1603,237.5854483,27671536921481.92
1603,337.5854483,17362483142403.475
1603,437.5854483,24163306598903.367
1603,537.5854483,19301053135179.383
1603,637.5854483,19879040168684.555
1603,737.5854483,36691301692917.83
1603,837.5854483,27268544181402.91
1603,937.5854483,32493581290843.89
1603,1037.5854483,28368523018477.9
1603,1137.5854483,21392628840706.824
1603,1237.5854483,18967622260627.047
1603,1337.5854483,33880839582806.418
1603,1437.5854483,42890946181168.07
1603,1537.5854483,1262285329612.5325
1603,1637.5854483,1506229885893.7415
1603,1737.5854483,28723558400948.28
1333,016.5434809,33196546826219.656
1333,116.5434809,76786108842247.02
1333,216.5434809,31759420625300.61
1333,316.5434809,39358056781562.35
1333,416.5434809,38913430138438.82
1333,516.5434809,39337646129913.98
1333,616.5434809,46407556515381.55
1333,716.5434809,52047127978092.46
1333,816.5434809,117173363897164.53
1333,916.5434809,42688818349793.445
1333,1016.5434809,48470377008657
1333,1116.5434809,32805144850895.68
1333,1216.5434809,48815327786484.35
1333,1316.5434809,56278769949587.02
1333,1416.5434809,89677859545064.38
1333,1516.5434809,4571448242080.972
1333,1616.5434809,2041074256236.8342
1333,1716.5434809,69008291223287
1333,1816.5434809,58962332235045.984
1340,015.5163498,28738789821482.07
1340,115.5163498,37124769286199.27
1340,215.5163498,30718039450301.95
1340,315.5163498,35189258878484.35
1340,415.5163498,28378473767792.918
1340,515.5163498,29025594218720.133
1340,615.5163498,37911953753808.086
1340,715.5163498,28018661020521.86
1340,815.5163498,48313950040220.02
1340,915.5163498,30398124377392.39
1340,1015.5163498,34078485627071.58
1340,1115.5163498,41012493801522.24
1340,1215.5163498,29050846519127.25
1340,1315.5163498,22339223089614.203
1340,1415.5163498,22121795282651.71
1340,1515.5163498,4167355906086.3906
1340,1615.5163498,1403617239899.1829
1340,1715.5163498,46753907272720.58
1340,1815.5163498,45931407048055.8
2324,037.5856967,25535726004261.027
2324,137.5856967,13257366268030.777
2324,237.5856967,31103555462278.977
2324,337.5856967,17873678998849.906
2324,437.5856967,17365991621537.803
2324,537.5856967,18007935365640.098
2324,637.5856967,20754555420058.84
2324,737.5856967,221496930759507.34
2324,837.5856967,15183693774339.44
2324,937.5856967,17796288727187.188
2324,1037.5856967,27705121675443.895
2324,1137.5856967,21913864036450.42
2324,1237.5856967,24782492007178.55
2324,1337.5856967,9114513049548.709
2324,1437.5856967,21970787075328.227
2324,1537.5856967,913641394459.3156
2324,1637.5856967,1291821644543.5774
2324,1737.5856967,32290512813690.53
1290,224.5060825,6079346167501.222
1290,324.5060825,6222110649896.384
1290,424.5060825,6300662395428.338
1290,524.5060825,6343942854099.035
1290,624.5060825,6040611377991.138
1290,724.5060825,5832784632709.137
1290,824.5060825,5907307265487.244
1290,924.5060825,5917505416335.762
1290,1024.5060825,6115234014783.47
1290,1124.5060825,6296981861124.765
1290,1224.5060825,7297407116680.395
1290,1324.5060825,2880118384241.928
1353,019.558821,33026714711467.5
1353,119.558821,67901489652557.95
1353,219.558821,31249801790715.562
1353,319.558821,40361532801558.414
1353,419.558821,45712742821133.984
1353,519.558821,33331171384727.137
1353,619.558821,33806496655196.934
1353,719.558821,29516627869313.984
1353,819.558821,32442353726849.08
1353,919.558821,45432632853862.516
1353,1019.558821,40627636337559.15
1353,1119.558821,58337835674266.05
1353,1219.558821,40476857193382.125
1353,1319.558821,45058605440342.73
1353,1419.558821,89652045184659.2
1353,1519.558821,3389662833434.082
1353,1619.558821,2203081382448.9976
1353,1719.558821,61458967159115.18
1353,1819.558821,61490394996890.875
1400,037.5854547,21740472587446.633
1400,137.5854547,21613622533897.555
1400,237.5854547,19328911129216.23
1400,337.5854547,25941097970992.56
1400,437.5854547,15026407694735.879
1400,537.5854547,17001895376481.457
1400,637.5854547,18147395820495.28
1400,737.5854547,221812521080215.44
1400,837.5854547,26130911184078.54
1400,937.5854547,12208465680728.883
1400,1037.5854547,20304191500238.496
1400,1137.5854547,17756842168205.645
1400,1237.5854547,21066738793284.15
1400,1337.5854547,6020543450207727
1400,1437.5854547,23727173057541.918
1400,1537.5854547,994020517238.9879
1400,1637.5854547,1592294049578.9744
1400,1737.5854547,31579431389480.84
1403,037.5854611,14729449477090.742
1403,137.5854611,16658416195049.934
1403,237.5854611,30310880215035.492
1403,337.5854611,36158425487494.805
1403,437.5854611,18144404870449.316
1403,537.5854611,25920339055263.42
1403,637.5854611,30639568161748.63
1403,737.5854611,231240910054873.16
1403,837.5854611,17498586639122.406
1403,937.5854611,22370301389486.684
1403,1037.5854611,25871671246143.26
1403,1137.5854611,20165061168626.14
1403,1237.5854611,15773062874058.074
1403,1337.5854611,47280087104089.234
1403,1437.5854611,32776571453494.074
1403,1537.5854611,1274729434023.5771
1403,1637.5854611,835527902629.9242
1403,1737.5854611,27826542804700.543
1342,016.4806855,36154103997091.945
1342,116.4806855,74084172275212.69
1342,216.4806855,42917234713981.25
1342,316.4806855,44454063668224.125
1342,416.4806855,36634675921010.49
1342,516.4806855,40175148627465.445
1342,616.4806855,32305489458308.195
1342,716.4806855,53270042972930.055
1342,816.4806855,40865290658097.09
1342,916.4806855,45130681368390.32
1342,1016.4806855,38224175130359.45
1342,1116.4806855,47474705178076.11
1342,1216.4806855,40296344957613.33
1342,1316.4806855,47177544025716.195
1342,1416.4806855,47540779386311.2
1342,1516.4806855,5170451162702.492
1342,1616.4806855,1851172069803.6106
1342,1716.4806855,49032070331357.89
1342,1816.4806855,59319519822452.79
1346,019.765062,31576851151981.15
1346,119.765062,47458049948367.86
1346,219.765062,41592547507024.125
1346,319.765062,52168446431083.42
1346,419.765062,31670670815134.484
1346,519.765062,40757438701717.42
1346,619.765062,36463503887241.87
1346,719.765062,41617874857955.54
1346,819.765062,48092860432134.94
1346,919.765062,45821913059207.14
1346,1019.765062,31270999810202.76
1346,1119.765062,34551287100304.758
1346,1219.765062,40174986905781.16
1346,1319.765062,53309379600260.68
1346,1419.765062,71246521771535
1346,1519.765062,3944030064693.082
1346,1619.765062,1736303704084.041
1346,1719.765062,60740283094554.42
1346,1819.765062,64014273956629.62
1332,015.1825147,20085925473898.875
1332,115.1825147,27863646031509.812
1332,215.1825147,17895271817716.203
1332,315.1825147,25605145407670.664
1332,415.1825147,20624248720638.92
1332,515.1825147,21152848278465.71
1332,615.1825147,19171905509857.383
1332,715.1825147,20696221644863.8
1332,815.1825147,29916530004178.742
1332,915.1825147,27109920122223.434
1332,1015.1825147,15637900020811.604
1332,1115.1825147,33232826811263.164
1332,1215.1825147,18782491636127.188
1332,1315.1825147,11942155381058.734
1332,1415.1825147,14954319225993.594
1332,1515.1825147,2650701041997.552
1332,1615.1825147,1485181094140.521
1332,1715.1825147,20166691970720.9
1332,1815.1825147,31903991267707.4
1259,014.5472412,22931739771505.703
1259,114.5472412,15065703875940.467
1259,214.5472412,14107010981951.336
1259,314.5472412,15073499698428.85
1259,414.5472412,8451341214964.516
1259,514.5472412,11240224458718.455
1259,614.5472412,10566511276763.203
1259,714.5472412,9093478949316.494
1259,814.5472412,13585023490131.754
1259,914.5472412,15631946105872.58
1259,1014.5472412,8130336842252.433
1259,1114.5472412,7801293606908.614
1259,1214.5472412,8342592481030.633
1259,1314.5472412,7026750715382.401
1259,1414.5472412,23057061999907.07
1259,1514.5472412,1080128629408.2288
1259,1614.5472412,313281837932.82556
1259,1714.5472412,10954898586993.469
1259,1814.5472412,19660432140701.535
2376,015.6285744,12078943201094.389
2376,115.6285744,17434815040356.346
2376,215.6285744,7851493020049.818
2376,315.6285744,9000208879898.332
2376,415.6285744,8873217330345.084
2376,515.6285744,9219235673071.92
2376,615.6285744,10944866104042.867
2376,715.6285744,12104955504295.682
2376,815.6285744,8303685781386.352
2376,915.6285744,10413226953828.395
2376,1015.6285744,10409352811285.592
2376,1115.6285744,15895820917017.22
2376,1215.6285744,16278507259398.252
2376,1315.6285744,9933370544033.04
2376,1415.6285744,4457661367271.016
2376,1515.6285744,1294890357355.5479
2376,1615.6285744,171959849223.1872
2376,1715.6285744,17299042224178.96
2376,1815.6285744,31481807834199.254
1390,086.9542685,73471455214124.75
1390,186.9542685,80190285471226.58
1390,286.9542685,68372834643199.75
1390,386.9542685,57095806279703.62
1390,486.9542685,45552500387219.914
1390,586.9542685,61219029109542.75
1390,686.9542685,63798732787647.26
1390,786.9542685,52858772604498.5
1390,886.9542685,76434043553735.27
1390,986.9542685,45685878265274.14
1390,1086.9542685,58468957784122.81
1390,1186.9542685,75036282508477.22
1390,1286.9542685,48193707194189.54
1390,1386.9542685,116790985433240.08
1390,1486.9542685,57003442458611.12
1390,1586.9542685,2151113263183.779
1390,1686.9542685,11972509674849.654
1390,1786.9542685,54903664137205.14
1395,037.585448,16853033534174.652
1395,137.585448,20846598325848.38
1395,237.585448,24256098000690.41
1395,337.585448,32114741415327.734
1395,437.585448,11533398215940.848
1395,537.585448,24248877943899.117
1395,637.585448,34693887641397.836
1395,737.585448,30559099046397.965
1395,837.585448,21032126039961.48
1395,937.585448,21247281743218.156
1395,1037.585448,20775802155227.156
1395,1137.585448,15978831846224.799
1395,1237.585448,16848453382618.717
1395,1337.585448,36952979918765.69
1395,1437.585448,32541136079331.95
1395,1537.585448,545372891934.65814
1395,1637.585448,1539254976438.6184
1395,1737.585448,22486789625910.08
1345,016.1459937,35374536971907.77
1345,116.1459937,471283845341155.9
1345,216.1459937,45422695646618.945
1345,316.1459937,39440604146321.95
1345,416.1459937,42015257292470.07
1345,516.1459937,28659673066444.457
1345,616.1459937,34683379034270.79
1345,716.1459937,43063577144634.13
1345,816.1459937,27843565459500.277
1345,916.1459937,40506252443346.18
1345,1016.1459937,41351343546718.234
1345,1116.1459937,36334250713213.58
1345,1216.1459937,36322042001851.24
1345,1316.1459937,32820863912050.03
1345,1416.1459937,75385269207537.27
1345,1516.1459937,4876135314963.591
1345,1616.1459937,1681515934523.3948
1345,1716.1459937,58949685139781.07
1345,1816.1459937,48694184633827.95
1256,037.585136,22852683597361.812
1256,137.585136,20654106478828.73
1256,237.585136,12541199556423.645
1256,337.585136,16172534564800.541
1256,437.585136,13453839744084.31
1256,537.585136,15077599853207.182
1256,637.585136,13951460842364.959
1256,737.585136,30878220099985.23
1256,837.585136,79176877594386.05
1256,937.585136,18905183686677.97
1256,1037.585136,26734806755470.56
1256,1137.585136,16632420940985.5
1256,1237.585136,14680672716865.21
1256,1337.585136,10774065801095.213
1256,1437.585136,27625156033481.87
1256,1537.585136,830510663528.6857
1256,1637.585136,1195842349541.9517
1256,1737.585136,45718233336990.445
1420,037.5856802,22399299628423.562
1420,137.5856802,23463667403749.13
1420,237.5856802,20930654368307.633
1420,337.5856802,20559321858408.867
1420,437.5856802,20293762905878.418
1420,537.5856802,25219040270140.73
1420,637.5856802,21483635997950.953
1420,737.5856802,219041603417262.9
1420,837.5856802,25397718278739.438
1420,937.5856802,21313018552081.61
1420,1037.5856802,17302887252959.816
1420,1137.5856802,15698882188332.69
1420,1237.5856802,22157123795511.79
1420,1337.5856802,22596602947206.68
1420,1437.5856802,25604737627797.13
1420,1537.5856802,1174818891223.7104
1420,1637.5856802,1650887649369.7131
1420,1737.5856802,32447075684031.375
2374,016.6289566,11736533482766.576
2374,116.6289566,8880006220408.117
2374,216.6289566,7772110036019.651
2374,316.6289566,9179843921110.246
2374,416.6289566,11038434789900.283
2374,516.6289566,13736448447276.68
2374,616.6289566,10920557898803.613
2374,716.6289566,12259547302757.486
2374,816.6289566,25340647545903.254
2374,916.6289566,12803601528978.854
2374,1016.6289566,9755337987448.969
2374,1116.6289566,9597137857970.645
2374,1216.6289566,13947899914128.135
2374,1316.6289566,5396892277611.804
2374,1416.6289566,4662240033365.976
2374,1516.6289566,1540916566770.458
2374,1616.6289566,177321135789.00797
2374,1716.6289566,20303540557315.26
2374,1816.6289566,31351912251564.33
1318,014.625543,11187507129188.807
1318,114.625543,16585862955417.83
1318,214.625543,8424446386225.664
1318,314.625543,9641169794354.072
1318,414.625543,9679384668480.87
1318,514.625543,11134968835305.777
1318,614.625543,10484976704255.107
1318,714.625543,9622920412555.727
1318,814.625543,8344430624664.974
1318,914.625543,10957715317925.84
1318,1014.625543,10516741707518.799
1318,1114.625543,10480726303717.592
1318,1214.625543,12206224390611.209
1318,1314.625543,8797993340629.186
1318,1414.625543,40974944861203.14
1318,1514.625543,1330873819143.818
1318,1614.625543,117202095639.15742
1318,1714.625543,17013527957411.219
1318,1814.625543,24714872648099.76
20925,551.9187071,10090340406059.86
20925,651.9187071,10564837308103.262
20925,751.9187071,10271371990920.318
20925,851.9187071,9412520267477.732
20925,951.9187071,9616340246687.852
20925,1051.9187071,9587255698544.988
20925,1151.9187071,17028137445883.102
20925,1251.9187071,10025055822786.459
20925,1351.9187071,5001428301252.464
20925,1451.9187071,5463279405189.181
20925,1551.9187071,290554837497.1609
20925,1651.9187071,569292320995.3645
20925,1751.9187071,28088401580855.344
20507,018.6323879,11115122155761.93
20507,118.6323879,15064765220414.441
20507,218.6323879,8907784217253.898
20507,318.6323879,17027662099448.057
20507,418.6323879,8844248089012.568
20507,518.6323879,16711393028660.545
20507,618.6323879,13067301367982.732
20507,718.6323879,10239884770007.852
20507,818.6323879,8926461271468.354
20507,918.6323879,11478985889170.543
20507,1018.6323879,12640022386460.504
20507,1118.6323879,13621980086254.307
20507,1218.6323879,10900580017972.346
20507,1318.6323879,5492469704725.356
20507,1418.6323879,8620904910795.726
20507,1518.6323879,887197913666.9651
20507,1618.6323879,145111970040.36298
20507,1718.6323879,17288346246578.635
20507,1818.6323879,28742063053735.367
1319,016.8260262,12288663465120.102
1319,116.8260262,22496367138515.637
1319,216.8260262,10134540468048.572
1319,316.8260262,9920663915736.656
1319,416.8260262,10739758020053.203
1319,516.8260262,10425567223060.238
1319,616.8260262,11801030885206.041
1319,716.8260262,11250453106067.56
1319,816.8260262,12328763097111.936
1319,916.8260262,14052952640003.117
1319,1016.8260262,10297329900458.025
1319,1116.8260262,13060408916377.508
1319,1216.8260262,13828223213328.299
1319,1316.8260262,22542432799713.625
1319,1416.8260262,98383724797127.25
1319,1516.8260262,1237561972827.1692
1319,1616.8260262,328701111259.0865
1319,1716.8260262,19331850272113.652
1319,1816.8260262,25944038554168.758
1399,020.2502642,31472425799147.836
1399,120.2502642,25402587036934.555
1399,220.2502642,21351280863047.54
1399,320.2502642,13009414489429.656
1399,420.2502642,10463485297404.074
1399,520.2502642,18131257717720.848
1399,620.2502642,23928177953420.484
1399,720.2502642,26158344035588.316
1399,820.2502642,33319634616186.344
1399,920.2502642,17463616340390.584
1399,1020.2502642,13368588390245.29
1399,1120.2502642,8767926479805.48
1399,1220.2502642,21513642553156.188
1399,1320.2502642,26623188934516.016
1399,1420.2502642,20418278302099.043
1399,1520.2502642,1869469005416.6309
1399,1620.2502642,1038191274455.125
1399,1720.2502642,27583795635916.758
1372,017.0081575,34515032819009.797
1372,117.0081575,49962195530142.21
1372,217.0081575,47172273568237.07
1372,317.0081575,43385534971509.75
1372,417.0081575,40806177391868.81
1372,517.0081575,39222250890588.63
1372,617.0081575,46902679743317.92
1372,717.0081575,41178033495193.68
1372,817.0081575,42195675314701.77
1372,917.0081575,37836290007877.125
1372,1017.0081575,44525250734519.85
1372,1117.0081575,41471635081389.8
1372,1217.0081575,37740217738998.95
1372,1317.0081575,52105180402842.805
1372,1417.0081575,55930281021541.625
1372,1517.0081575,5215784066520.717
1372,1617.0081575,2040297212198.099
1372,1717.0081575,75140577966516.17
1372,1817.0081575,42566494135100.11
1266,014.625786,11396620219955.697
1266,114.625786,8284384042306.305
1266,214.625786,7877398122931.22
1266,314.625786,9111214852670.6
1266,414.625786,8880074866954.535
1266,514.625786,9249930219296.732
1266,614.625786,9976944502255.047
1266,714.625786,9693352704926.324
1266,814.625786,8230276319243.916
1266,914.625786,10716709801297.55
1266,1014.625786,9838531429726.96
1266,1114.625786,9265197699127.744
1266,1214.625786,10941987615977.748
1266,1314.625786,5771561779606.733
1266,1414.625786,4511269026001.165
1266,1514.625786,1093736601226.579
1266,1614.625786,117137135895.87575
1266,1714.625786,16834493790853.424
1266,1814.625786,23778376472270.55
1322,015.8044536,12733999684372.156
1322,115.8044536,22376996124379.207
1322,215.8044536,10202813383754.434
1322,315.8044536,9851277790909.191
1322,415.8044536,10644225722915.027
1322,515.8044536,10432595094653.887
1322,615.8044536,13015990671752.744
1322,715.8044536,10416313458550.078
1322,815.8044536,12621794113449.23
1322,915.8044536,14137913757495.98
1322,1015.8044536,10311309619542.674
1322,1115.8044536,13229047418584.064
1322,1215.8044536,13777553609486.371
1322,1315.8044536,21962197740118.93
1322,1415.8044536,100121659727997.4
1322,1515.8044536,1692622818527.3472
1322,1615.8044536,308057907103.06226
1322,1715.8044536,19287173112808.367
1322,1815.8044536,26019247487589.87
1334,019.5581443,47942524655897.99
1334,119.5581443,45100117966349.4
1334,219.5581443,34147268186858.426
1334,319.5581443,50996262798665.375
1334,419.5581443,38785333790110.484
1334,519.5581443,38711713105122.39
1334,619.5581443,46175307305304.31
1334,719.5581443,50723213468039.76
1334,819.5581443,38176575214227.09
1334,919.5581443,56539167438974.29
1334,1019.5581443,32853038001706.645
1334,1119.5581443,36176349101815.31
1334,1219.5581443,44798589475632.38
1334,1319.5581443,27451914952574.22
1334,1419.5581443,32324051722578.82
1334,1519.5581443,3254343242724.2007
1334,1619.5581443,1704285930219.42
1334,1719.5581443,61854452227644.89
1334,1819.5581443,66527629424132.15
1376,071.358358,54599876003522.09
1376,171.358358,71754686428471.64
1376,271.358358,60333766503655.59
1376,371.358358,53020200885589.72
1376,471.358358,52007083166699.08
1376,571.358358,52279622914091.13
1376,671.358358,45724970122812.84
1376,771.358358,46880433898580.25
1376,871.358358,57140196937687.37
1376,971.358358,51022361824578.17
1376,1071.358358,52333836975487.59
1376,1171.358358,74560428514367.86
1376,1271.358358,55447417209755.24
1376,1371.358358,101468162269312.42
1376,1471.358358,77396991527905.02
1376,1571.358358,2639175603667.4033
1376,1671.358358,5439365330482.856
1376,1771.358358,67769027368263.414
1349,014.62549,13142247539609.738
1349,114.62549,8580075356149.332
1349,214.62549,9341074926229.91
1349,314.62549,9149639249513.506
1349,414.62549,9860298035691.264
1349,514.62549,9249704053013.729
1349,614.62549,10308574290941.582
1349,714.62549,9733917328027.893
1349,814.62549,9543422200225.48
1349,914.62549,11993839211581.678
1349,1014.62549,10823017393634.9
1349,1114.62549,14062565972521.988
1349,1214.62549,12863967128334.158
1349,1314.62549,7978320144365.272
1349,1414.62549,20199449291843.945
1349,1514.62549,1155861036269.4395
1349,1614.62549,138811557822.9269
1349,1714.62549,18522923536287.14
1349,1814.62549,24291680761538.598
1356,018.390433,21514274167820.668
1356,118.390433,21212681561661.805
1356,218.390433,20414628816739.336
1356,318.390433,24126867768747.617
1356,418.390433,31357357689063.29
1356,518.390433,24798206860761.156
1356,618.390433,19880944430591.473
1356,718.390433,25325710566469.89
1356,818.390433,23412365791160.75
1356,918.390433,24107992989045.492
1356,1018.390433,23305541768258.8
1356,1118.390433,21040208399378.1
1356,1218.390433,26500063405660.03
1356,1318.390433,30143867272001.34
1356,1418.390433,25568860987548.766
1356,1518.390433,2579773260892.155
1356,1618.390433,671900783146.2109
1356,1718.390433,34162307107562.54
1356,1818.390433,29059143401891.715
2328,020.184887,10279226522452.12
2328,120.184887,8514452482835.826
2328,220.184887,16973769161975.75
2328,320.184887,9214225719350.824
2328,420.184887,16190005020449.22
2328,520.184887,11141143387909.916
2328,620.184887,11186695400951.291
2328,720.184887,12439952563848.621
2328,820.184887,10778043230887.475
2328,920.184887,11438979325107.102
2328,1020.184887,8369022878512.009
2328,1120.184887,9527906855331.951
2328,1220.184887,11615415827965.865
2328,1320.184887,5630952642536.985
2328,1420.184887,5844979577579.767
2328,1520.184887,745468935875.8624
2328,1620.184887,252544775505.74518
2328,1720.184887,18006964067716.867
2328,1820.184887,24151791625119.484
1262,044.799572,9188139818579.5
1262,144.799572,13670011710951.832
1262,244.799572,8912164835255.174
1262,344.799572,10333725806539.363
1262,444.799572,12861303589092.102
1262,544.799572,15087646396173.207
1262,644.799572,12940854979398.42
1262,744.799572,8647377053863.754
1262,844.799572,8777690581330.93
1262,944.799572,13615596902611.996
1262,1044.799572,17291581975076.97
1262,1144.799572,36524398229786.84
1262,1244.799572,16468016517271.822
1262,1344.799572,5032952086295.198
1262,1444.799572,22944382604062.516
1262,1544.799572,506682751059.27985
1262,1644.799572,2318099198272.328
1262,1744.799572,38676811705410.016
2375,014.6270838,13007468421766.312
2375,114.6270838,8272852212939.178
2375,214.6270838,7770496776111.661
2375,314.6270838,12438947910227.639
2375,414.6270838,10142956566663.598
2375,514.6270838,10175721815801.959
2375,614.6270838,14680453826871.482
2375,714.6270838,16111551900977.094
2375,814.6270838,14432742769588.951
2375,914.6270838,11771627851218.932
2375,1014.6270838,13474828945954.484
2375,1114.6270838,9237823785766.154
2375,1214.6270838,12056140667409.46
2375,1314.6270838,5656189410211.799
2375,1414.6270838,5887729148117.159
2375,1514.6270838,1612618832448.44
2375,1614.6270838,138598633409.84946
2375,1714.6270838,14836108384349.867
2375,1814.6270838,23649193280198.63
1421,037.5858598,22667302346869.93
1421,137.5858598,13259565718899.219
1421,237.5858598,30273745665084.316
1421,337.5858598,30255211207485.88
1421,437.5858598,18152808766675.68
1421,537.5858598,24694676053449.727
1421,637.5858598,25920084354808.152
1421,737.5858598,25789901366615.19
1421,837.5858598,18444016086237.676
1421,937.5858598,24584354209323.742
1421,1037.5858598,18761508350372.465
1421,1137.5858598,23147774774525.68
1421,1237.5858598,17917965141501.305
1421,1337.5858598,19747385707912.656
1421,1437.5858598,26408519341840.57
1421,1537.5858598,1205076218984.4229
1421,1637.5858598,997175707097.2557
1421,1737.5858598,35212586592676.69
1320,015.8044276,12751404301708.178
1320,115.8044276,22419727705402.715
1320,215.8044276,10183376079137.176
1320,315.8044276,9869305013865.348
1320,415.8044276,10666133217334.219
1320,515.8044276,10420855360356.564
1320,615.8044276,11803758248354.838
1320,715.8044276,10379910095948.604
1320,815.8044276,11667766928623.582
1320,915.8044276,14380460246686.615
1320,1015.8044276,10315562351837.637
1320,1115.8044276,13242604644098.176
1320,1215.8044276,12419314511192.477
1320,1315.8044276,23818595382381.285
1320,1415.8044276,102816595781449.27
1320,1515.8044276,1701313011996.9438
1320,1615.8044276,306729714298.2389
1320,1715.8044276,19283851174526.297
1320,1815.8044276,26017193555177.465
2383,019.6327221,16316004954903.021
2383,119.6327221,10527316899235.414
2383,219.6327221,9048452937091.803
2383,319.6327221,11597528378018.713
2383,419.6327221,9626515200649.785
2383,519.6327221,10606806154016.943
2383,619.6327221,9670001991184.414
2383,719.6327221,8371226708353.775
2383,819.6327221,16032799902920.752
2383,919.6327221,13464142126109.84
2383,1019.6327221,11406334669279.578
2383,1119.6327221,11222851149953.994
2383,1219.6327221,12871478936938.18
2383,1319.6327221,14241320573062.102
2383,1419.6327221,8705972355721.417
2383,1519.6327221,553952746971.8804
2383,1619.6327221,436977406264.9708
2383,1719.6327221,22508727741521.81
2383,1819.6327221,24519569515156.332
1410,037.585474,23327735098941.52
1410,137.585474,13971706954016.01
1410,237.585474,27082881544967.004
1410,337.585474,35210284118409.8
1410,437.585474,11323679892456.807
1410,537.585474,21372204294871.95
1410,637.585474,17910504781061.2
1410,737.585474,30833870846158.93
1410,837.585474,27214371449079.664
1410,937.585474,21360369702475.477
1410,1037.585474,24119809068284.85
1410,1137.585474,22585363936297.918
1410,1237.585474,14949776646409.447
1410,1337.585474,33680201329200.074
1410,1437.585474,16781696744951.994
1410,1537.585474,970154233720.5146
1410,1637.585474,794412617721.872
1410,1737.585474,35597613171676.03
1261,043.4945755,8487604832220.415
1261,143.4945755,10710232390779.873
1261,243.4945755,7910118097416.8125
1261,343.4945755,7806599354313.864
1261,443.4945755,24540007007121.406
1261,543.4945755,11179851717483.586
1261,643.4945755,7606345531475.282
1261,743.4945755,8642408299794.636
1261,843.4945755,8192486870803.891
1261,943.4945755,16868423313939.459
1261,1043.4945755,88750026544601.75
1261,1143.4945755,13492775699146.414
1261,1243.4945755,11868761683670.67
1261,1343.4945755,11761282353601.008
1261,1443.4945755,30100551198178.355
1261,1543.4945755,320641701777.3671
1261,1643.4945755,781230219480.0468
1261,1743.4945755,16226567445263.676
1321,016.8260305,12297663285934.357
1321,116.8260305,22382888340542.82
1321,216.8260305,9665459788928.658
1321,316.8260305,9920578562604.719
1321,416.8260305,10683148067047.803
1321,516.8260305,10410932657076.121
1321,616.8260305,12955976684765.91
1321,716.8260305,11293164698608.068
1321,816.8260305,11539065831792.264
1321,916.8260305,14150441438924.188
1321,1016.8260305,10301677925559.457
1321,1116.8260305,13042020851440.178
1321,1216.8260305,12117754061435.814
1321,1316.8260305,24839568128510.82
1321,1416.8260305,97170184610373.9
1321,1516.8260305,1552851629809.0234
1321,1616.8260305,328679141325.0552
1321,1716.8260305,19308248341834.73
1321,1816.8260305,25870593511778.94
1258,037.5849888,15991604909759.936
1258,137.5849888,14046571829307.068
1258,237.5849888,20037639612861.875
1258,337.5849888,19477711519462.332
1258,437.5849888,14687767124221.496
1258,537.5849888,29066493915101.01
1258,637.5849888,12577641004300.736
1258,737.5849888,14558820231257.094
1258,837.5849888,24090509036586.3
1258,937.5849888,17048830045405.234
1258,1037.5849888,14826138266773.277
1258,1137.5849888,14022099864906.639
1258,1237.5849888,18015633231489.33
1258,1337.5849888,13753825740758.197
1258,1437.5849888,23797241946438.164
1258,1537.5849888,976518182308.3245
1258,1637.5849888,1144717410226.4292
1258,1737.5849888,28816107766393.574
2570,014.6270003,13309063704582.646
2570,114.6270003,12120371284536.535
2570,214.6270003,9891071663505.375
2570,314.6270003,12217786052129.4
2570,414.6270003,23324321320604.77
2570,514.6270003,9530945617199.742
2570,614.6270003,10681646189222.084
2570,714.6270003,9673571210938.76
2570,814.6270003,13736955154783.047
2570,914.6270003,15219603589084.43
2570,1014.6270003,13322156566596.938
2570,1114.6270003,11075237959782.227
2570,1214.6270003,16256803052925.594
2570,1314.6270003,10165048455052.408
2570,1414.6270003,4454133504981.302
2570,1514.6270003,1346533304095.3901
2570,1614.6270003,237190512631.8796
2570,1714.6270003,17098506447468.53
2570,1814.6270003,20816834807679.74
2712,018.3908608,13695594809077.396
2712,118.3908608,12870875227415.35
2712,218.3908608,7529316108432.382
2712,318.3908608,10358199727234.846
2712,418.3908608,10597093308199.344
2712,518.3908608,9371108968365.281
2712,618.3908608,9473794146131.51
2712,718.3908608,10300270156912.842
2712,818.3908608,7921831156086.409
2712,918.3908608,10386762825104.01
2712,1018.3908608,10609283587663.68
2712,1118.3908608,10749797176745.996
2712,1218.3908608,12121812743929.121
2712,1318.3908608,6759828849013.247
2712,1418.3908608,11164246702690.277
2712,1518.3908608,1157142879823.466
2712,1618.3908608,132379132069.91217
2712,1718.3908608,22607873860679.51
2712,1818.3908608,23940758566343.363
1411,037.5855336,18806475408469.4
1411,137.5855336,12980721960809.498
1411,237.5855336,30790448506643.71
1411,337.5855336,27787871754263.348
1411,437.5855336,15418274564299.2
1411,537.5855336,20452443287385.766
1411,637.5855336,24663692305381.65
1411,737.5855336,241097546471695.84
1411,837.5855336,23015464233572.836
1411,937.5855336,20534846438340.46
1411,1037.5855336,21445488735010.008
1411,1137.5855336,14233545337160.16
1411,1237.5855336,11857599463854.246
1411,1337.5855336,31825585725173.49
1411,1437.5855336,23007867757075.133
1411,1537.5855336,1395671269147.8174
1411,1637.5855336,1351849725899.8862
1411,1737.5855336,39594677846470.3
1348,014.4128664,11433910851249.781
1348,114.4128664,8982645803677.674
1348,214.4128664,7920343298139.245
1348,314.4128664,9361391499031.168
1348,414.4128664,8863479649281.89
1348,514.4128664,9838892201217.707
1348,614.4128664,10052677491343.678
1348,714.4128664,10033461913916.803
1348,814.4128664,9134099170988.941
1348,914.4128664,10897899676432.94
1348,1014.4128664,9867975487045.584
1348,1114.4128664,10220445334744.977
1348,1214.4128664,11133276235863.576
1348,1314.4128664,6948939298327.003
1348,1414.4128664,17263496690845.23
1348,1514.4128664,1468700573605.3975
1348,1614.4128664,156717085428.658
1348,1714.4128664,17932561448698.11
1348,1814.4128664,23951148782379.91
1415,020.2489698,22739011414286.69
1415,120.2489698,24192981364621.79
1415,220.2489698,12908690544437.578
1415,320.2489698,17838767991890.332
1415,420.2489698,21211177963432.508
1415,520.2489698,20570046038709.945
1415,620.2489698,18687465574632.543
1415,720.2489698,18011781393871.086
1415,820.2489698,32161436038874.44
1415,920.2489698,20879534206940.414
1415,1020.2489698,21290836664844.797
1415,1120.2489698,23230246779253.363
1415,1220.2489698,18724675104554.574
1415,1320.2489698,14034941737635.42
1415,1420.2489698,26505003408695.566
1415,1520.2489698,1635264540775.8955
1415,1620.2489698,1190519533076.4556
1415,1720.2489698,21253369329503.695
2378,015.5170033,11319770875898.602
2378,115.5170033,8280230010629.002
2378,215.5170033,15770344213086.518
2378,315.5170033,10016051477825.799
2378,415.5170033,10392210928275.578
2378,515.5170033,11058734060724.959
2378,615.5170033,9914040748861.96
2378,715.5170033,10635122935590.646
2378,815.5170033,9686370925224.48
2378,915.5170033,9903296965082.365
2378,1015.5170033,10667472654365.766
2378,1115.5170033,12181045924975.059
2378,1215.5170033,10927066622219.719
2378,1315.5170033,5642909430519.078
2378,1415.5170033,10055883419231.947
2378,1515.5170033,1058676314176.9043
2378,1615.5170033,305451706836.8474
2378,1715.5170033,13637912731331.822
2378,1815.5170033,23570938813121.43
1257,037.5850873,21738601905129.156
1257,137.5850873,15705024914244.768
1257,237.5850873,11248574672622.332
1257,337.5850873,13323795696441.186
1257,437.5850873,9922983068485.6
1257,537.5850873,22895978104942.344
1257,637.5850873,20607565653337.645
1257,737.5850873,19269645088010.62
1257,837.5850873,15202624724967.83
1257,937.5850873,12519350756283.52
1257,1037.5850873,19365973297395.957
1257,1137.5850873,12301609855880.824
1257,1237.5850873,12240485297857.973
1257,1337.5850873,50466128197749.17
1257,1437.5850873,22577448112572.26
1257,1537.5850873,844779735431.6263
1257,1637.5850873,881955900563.5894
1257,1737.5850873,26671646280563.82
1374,057.5522673,58590920134715.99
1374,157.5522673,60461827369135.65
1374,257.5522673,62093919197090.8
1374,357.5522673,54751029418637.03
1374,457.5522673,50255366474987.945
1374,557.5522673,44622306026352
1374,657.5522673,62007312466505.97
1374,757.5522673,50411338184861.91
1374,857.5522673,60890206673328.89
1374,957.5522673,51340839549386.61
1374,1057.5522673,40594080181346.88
1374,1157.5522673,81697126360533.55
1374,1257.5522673,56016385928095.195
1374,1357.5522673,74260077013072.47
1374,1457.5522673,265257147312564.8
1374,1557.5522673,2638373142373.694
1374,1657.5522673,5599017570794.11
1374,1757.5522673,66700841670004.75
21116,1631.9465523,498327347518.0446
21116,1731.9465523,25200990898877.855
21116,1831.9465523,17031478961247.3
1404,019.5574613,26935387449809.863
1404,119.5574613,24382945035382.28
1404,219.5574613,23173868943308.61
1404,319.5574613,24583745971680.918
1404,419.5574613,7883204493556.682
1404,519.5574613,19502934413199.793
1404,619.5574613,16900091626810.21
1404,719.5574613,16974097627199.822
1404,819.5574613,28728675750522.977
1404,919.5574613,17140408805006.857
1404,1019.5574613,13570661834645.146
1404,1119.5574613,13144210229950.193
1404,1219.5574613,25611305607082.766
1404,1319.5574613,28070333452857.46
1404,1419.5574613,39257595309489.695
1404,1519.5574613,1381677848041.3318
1404,1619.5574613,920346122708.2948
1404,1719.5574613,40915158026209.266
1404,1819.5574613,31217641528336.305
1339,014.550589,28738735520279.227
1339,114.550589,52233250707203.09
1339,214.550589,31699009677530.24
1339,314.550589,30975374609191.31
1339,414.550589,37879562949753.8
1339,514.550589,28812825287209.258
1339,614.550589,35533823281538.516
1339,714.550589,30349401438448.176
1339,814.550589,25361310843263.08
1339,914.550589,29841177292409.137
1339,1014.550589,35945396184705.375
1339,1114.550589,47115810564994.805
1339,1214.550589,27958387064893.53
1339,1314.550589,19988391724312.773
1339,1414.550589,46951074600006.38
1339,1514.550589,4484119258579.289
1339,1614.550589,1398067421687.3025
1339,1714.550589,40773333137240.25
1339,1814.550589,42550290318450.055
2603,016.0912282,12796150254144.865
2603,116.0912282,8277239144909.919
2603,216.0912282,11270147038288.328
2603,316.0912282,9154772155466.451
2603,416.0912282,8889283681969.8
2603,516.0912282,9405758206595.135
2603,616.0912282,9699698551731.816
2603,716.0912282,12951837071238.557
2603,816.0912282,8882588208336.365
2603,916.0912282,12523030788033.477
2603,1016.0912282,9818791254633.525
2603,1116.0912282,9234591493864.717
2603,1216.0912282,10618428095398.24
2603,1316.0912282,6208771351853.179
2603,1416.0912282,4940819064496.082
2603,1516.0912282,1095539729424.3434
2603,1616.0912282,183079305836.31665
2603,1716.0912282,15655737542495.1
2603,1816.0912282,23845739873857
2377,019.6328578,11780939852034.793
2377,119.6328578,8460242373009.985
2377,219.6328578,9189570365945.43
2377,319.6328578,9285166532055.594
2377,419.6328578,10062242431249.479
2377,519.6328578,12272692992381.725
2377,619.6328578,13040179939147.871
2377,719.6328578,14284398660273.656
2377,819.6328578,9005862620465.537
2377,919.6328578,26147299737565.99
2377,1019.6328578,9321585733464.719
2377,1119.6328578,16991348416857.016
2377,1219.6328578,12299781394752.021
2377,1319.6328578,5370745958149.651
2377,1419.6328578,9388259894384.908
2377,1519.6328578,658428184046.0275
2377,1619.6328578,391126063792.3962
2377,1719.6328578,31937647321603.625
2377,1819.6328578,23649917107564.637
1336,015.5172193,26858521595052.62
1336,115.5172193,33314494176619.29
1336,215.5172193,31156801330370.598
1336,315.5172193,34279522870213.92
1336,415.5172193,33410657437759.535
1336,515.5172193,22894553664865.45
1336,615.5172193,33641380037005.6
1336,715.5172193,29944824825303.652
1336,815.5172193,48949961936610.555
1336,915.5172193,34204078666962.426
1336,1015.5172193,33379318551322.973
1336,1115.5172193,35180123842754.08
1336,1215.5172193,25196841833906.195
1336,1315.5172193,26239478075558.297
1336,1415.5172193,31191329802517.945
1336,1515.5172193,4209874161753.771
1336,1615.5172193,1437667148746.0986
1336,1715.5172193,51472306772157.62
1336,1815.5172193,47118773110159.95
20688,037.5866816,72302318253955.19
20688,137.5866816,312332527811140.3
20688,237.5866816,55736803441406.71
20688,337.5866816,66118690823611.87
20688,437.5866816,45849926544923.97
20688,537.5866816,53602446234218.766
20688,637.5866816,43908291170931.555
20688,737.5866816,57621785972122.234
20688,837.5866816,44802728899435.45
20688,937.5866816,54486962216408.305
20688,1037.5866816,61840683153756.414
20688,1137.5866816,59461782438101.45
20688,1237.5866816,63669179723090.72
20688,1337.5866816,83834293742040.62
20688,1437.5866816,99318947955092.12
20688,1537.5866816,2336807616331.942
20688,1637.5866816,5196979134451.399
20688,1737.5866816,82272879125093.9
1323,016.8260183,12304165329352.084
1323,116.8260183,22437894277585.773
1323,216.8260183,9669994765449.934
1323,316.8260183,9927339441648.928
1323,416.8260183,10739480234222.559
1323,516.8260183,10426447771006.213
1323,616.8260183,11695625927509.828
1323,716.8260183,11377060448711.982
1323,816.8260183,12257673280460.416
1323,916.8260183,14188399333263.205
1323,1016.8260183,10286788899505.646
1323,1116.8260183,13245572270709.395
1323,1216.8260183,14136989402088.889
1323,1316.8260183,22538129324437.19
1323,1416.8260183,86381165958326.58
1323,1516.8260183,1564363361362.2869
1323,1616.8260183,313830714018.9691
1323,1716.8260183,19313691325089.9
1323,1816.8260183,25819051007056.164
8689,017.6317449,11797650841264.42
8689,117.6317449,15113853739503.701
8689,217.6317449,10036003427032.348
8689,317.6317449,16449559534643.174
8689,417.6317449,17695806008101.594
8689,517.6317449,14106078532431.273
8689,617.6317449,9473157882144.48
8689,717.6317449,9484575719746.982
8689,817.6317449,13328650368713.389
8689,917.6317449,12293117794631.469
8689,1017.6317449,9902295721299.47
8689,1117.6317449,19522758018399.066
8689,1217.6317449,10421979325946.389
8689,1317.6317449,5649165467809.65
8689,1417.6317449,4704934335603.19
8689,1517.6317449,1201692789374.7053
8689,1617.6317449,410634794320.98615
8689,1717.6317449,24703085402695.844
8689,1817.6317449,27902485795989.52
1265,014.6271086,11384710468391.506
1265,114.6271086,8291861936082.814
1265,214.6271086,7872088357460.294
1265,314.6271086,9116895851174.287
1265,414.6271086,8899827874170.074
1265,514.6271086,9258826163800.186
1265,614.6271086,9987560976919.496
1265,714.6271086,9707455201881.56
1265,814.6271086,8239612363736.245
1265,914.6271086,10716552087817.422
1265,1014.6271086,9851863710471.793
1265,1114.6271086,9246637389200.016
1265,1214.6271086,10920771204433.291
1265,1314.6271086,5772635140185.866
1265,1414.6271086,4512611193219.679
1265,1514.6271086,1093450826224.8083
1265,1614.6271086,117176106617.6244
1265,1714.6271086,16848375883251.363
1265,1814.6271086,23742474147001.227
2325,037.5856915,21506067234869.832
2325,137.5856915,20258253816549.57
2325,237.5856915,12144447496120.623
2325,337.5856915,16745693250444.809
2325,437.5856915,14802208440970.123
2325,537.5856915,22544354458581.465
2325,637.5856915,17342879738683.902
2325,737.5856915,17194724047121.387
2325,837.5856915,23620663996117.82
2325,937.5856915,20192698097904.71
2325,1037.5856915,17368173956487.629
2325,1137.5856915,14480832590979.375
2325,1237.5856915,14341723054852.377
2325,1337.5856915,13536102777751.139
2325,1437.5856915,37083523852579.29
2325,1537.5856915,590274268446.6633
2325,1637.5856915,924137338532.0676
2325,1737.5856915,42021607335146.24
1260,044.7866788,1087674075872747.1
1260,144.7866788,9836816324379.988
1260,244.7866788,10766296010672.283
1260,344.7866788,11083320087782.686
1260,444.7866788,10724782199377.408
1260,544.7866788,14265500845478.164
1260,644.7866788,10820361050162.871
1260,744.7866788,16160658530691.361
1260,844.7866788,7551027205180.29
1260,944.7866788,13280172353213.938
1260,1044.7866788,10247453667050.902
1260,1144.7866788,12405325551473.924
1260,1244.7866788,14827423452058.52
1260,1344.7866788,3616536859074.9614
1260,1444.7866788,14410418909493.668
1260,1544.7866788,337300982319.65295
1260,1644.7866788,840521040537.5564
1260,1744.7866788,15762427522375.158
1354,015.5225449,34026652798443.01
1354,115.5225449,67888427662666.664
1354,215.5225449,34965940493102.016
1354,315.5225449,44464518277550.94
1354,415.5225449,38514862333715.414
1354,515.5225449,30514261563744.496
1354,615.5225449,48488249167475.37
1354,715.5225449,42284341022992.49
1354,815.5225449,124618943758175.45
1354,915.5225449,36484468300284.34
1354,1015.5225449,35389579867277.63
1354,1115.5225449,44226930517276.71
1354,1215.5225449,44333732780949
1354,1315.5225449,45892599091220.47
1354,1415.5225449,37779825360654.516
1354,1515.5225449,4447628683531.05
1354,1615.5225449,1415197037860.8203
1354,1715.5225449,61036815407451.4
1354,1815.5225449,53714600143628.74
1335,019.932156,44559903792163.195
1335,119.932156,68257152514564.26
1335,219.932156,45308015946458.195
1335,319.932156,46569216228915
1335,419.932156,42236139922369.836
1335,519.932156,33849734124473.715
1335,619.932156,48008947884879.63
1335,719.932156,52273497098918.36
1335,819.932156,133674101305435.75
1335,919.932156,42083273273750.51
1335,1019.932156,39623974483269.22
1335,1119.932156,54444638753921.57
1335,1219.932156,46511566283035.89
1335,1319.932156,39546092547822.89
1335,1419.932156,76720903102488.39
1335,1519.932156,4403321610047.895
1335,1619.932156,1512930282158.4565
1335,1719.932156,62564037014500.03
1335,1819.932156,55681519236833.11
1604,019.5569844,19211191013482.812
1604,119.5569844,30484710748428.902
1604,219.5569844,27031595656765.137
1604,319.5569844,37362842265253.36
1604,419.5569844,21989270613969.82
1604,519.5569844,29619544384238.52
1604,619.5569844,28206114898677.707
1604,719.5569844,21191913910624.047
1604,819.5569844,31511519624526.7
1604,919.5569844,21919825976753.508
1604,1019.5569844,21999434654307.3
1604,1119.5569844,17306041542083.643
1604,1219.5569844,25245921825660.375
1604,1319.5569844,5782133688887.182
1604,1419.5569844,26452599221259.12
1604,1519.5569844,1762425385136.226
1604,1619.5569844,559525994675.2035
1604,1719.5569844,22599952087296.574
1352,014.6254208,12737352409623.223
1352,114.6254208,11716709487534.357
1352,214.6254208,8693406217115.077
1352,314.6254208,9685911133443.553
1352,414.6254208,9576358316818.87
1352,514.6254208,9256114297737.89
1352,614.6254208,11739616275433.574
1352,714.6254208,10367175718194.574
1352,814.6254208,14234456493386.29
1352,914.6254208,14561060791507.002
1352,1014.6254208,9875856250451.033
1352,1114.6254208,10441244187529.488
1352,1214.6254208,11076677710578.875
1352,1314.6254208,11539346472613.387
1352,1414.6254208,23526030482988.535
1352,1514.6254208,1260313827897.0898
1352,1614.6254208,422759057460.18695
1352,1714.6254208,20439991253767.977
1352,1814.6254208,24567446951448
1264,044.7996416,9188403820870.24
1264,144.7996416,42119612552502.38
1264,244.7996416,11474406486310.965
1264,344.7996416,10335436415909.867
1264,444.7996416,11807780123731.432
1264,544.7996416,14337864148375.213
1264,644.7996416,10812493325484.195
1264,744.7996416,16423185777106.879
1264,844.7996416,13723598105150.75
1264,944.7996416,9474574184990.37
1264,1044.7996416,23085910945000.203
1264,1144.7996416,12986288466357.41
1264,1244.7996416,11888063206634.5
1264,1344.7996416,5669359619749.533
1264,1444.7996416,35926262460584.625
1264,1544.7996416,667419867469.1582
1264,1644.7996416,990663940901.5848
1264,1744.7996416,14933282966515.02
1347,016.0901866,38284284434986.68
1347,116.0901866,80799173035097.27
1347,216.0901866,28643619600544.953
1347,316.0901866,37772727547067.45
1347,416.0901866,44105920057839.99
1347,516.0901866,38638088781229.74
1347,616.0901866,36592070327258.58
1347,716.0901866,36358051172948.54
1347,816.0901866,124546977783083.06
1347,916.0901866,49626966581079.81
1347,1016.0901866,45216755163293.58
1347,1116.0901866,40498627889498.19
1347,1216.0901866,42733438693553.375
1347,1316.0901866,51424661157500.3
1347,1416.0901866,83898362504094.39
1347,1516.0901866,5043987494926.933
1347,1616.0901866,2022812471822.7979
1347,1716.0901866,45437123105496.72
1347,1816.0901866,43337936043930.22